,NPP_capacity,NPP_capex_alpha,NPP_FOM_alpha,NPP_VOM_alpha,BOP_capacity,BOP_minimum,BOP_capex_alpha,BOP_FOM_alpha,BOP_VOM_alpha,TES_capacity,TES_capex_alpha,TES_FOM_alpha,TES_VOM_alpha,TES_sqrt_rte,PointProbability,ProbabilityWeight
0,1.0,-1466666666.6666667,-41600000.0,-8257.4,0.5,0.3,-566666666.6666666,-40000000.0,0.0,3.6666666666666665,-1929000.0,-14000.0,-11666.666666666668,0.9643650760992956,1.0,1.0
1,1.0,-1466666666.6666667,-41600000.0,-8257.4,0.5,0.3,-566666666.6666666,-40000000.0,0.0,1.0,-1929000.0,-14000.0,-11666.666666666668,0.9643650760992956,1.0,1.0
2,1.0,-1466666666.6666667,-41600000.0,-8257.4,0.5,0.3,-566666666.6666666,-40000000.0,0.0,1.0,-1929000.0,-14000.0,-11666.666666666668,0.7430920467222157,1.0,1.0
3,1.0,-1466666666.6666667,-45866666.666666664,-8257.4,0.5,0.3,-566666666.6666666,-40000000.0,0.0,1.0,-1929000.0,-14000.0,-11666.666666666668,0.7430920467222157,1.0,1.0
4,0.7333333333333334,-1466666666.6666667,-45866666.666666664,-8257.4,0.5,0.3,-566666666.6666666,-40000000.0,0.0,1.0,-1929000.0,-14000.0,-11666.666666666668,0.7430920467222157,1.0,1.0
5,0.7333333333333334,-1466666666.6666667,-45866666.666666664,-8257.4,0.5,0.3,-700000000.0,-40000000.0,0.0,1.0,-1929000.0,-14000.0,-11666.666666666668,0.7430920467222157,1.0,1.0
6,0.7333333333333334,-1466666666.6666667,-45866666.666666664,-8257.4,0.5,0.3,-700000000.0,-40000000.0,0.0,1.0,-1929000.0,-33333.33333333333,-11666.666666666668,0.7430920467222157,1.0,1.0
7,0.7333333333333334,-1200000000.0,-45866666.666666664,-8257.4,0.5,0.3,-700000000.0,-40000000.0,0.0,1.0,-1929000.0,-33333.33333333333,-11666.666666666668,0.7430920467222157,1.0,1.0
8,0.7333333333333334,-1200000000.0,-45866666.666666664,-8257.4,0.5,0.3,-700000000.0,-40000000.0,0.0,1.0,-1929000.0,-33333.33333333333,-29000.0,0.7430920467222157,1.0,1.0
9,0.7333333333333334,-1200000000.0,-45866666.666666664,-8257.4,0.7,0.3,-700000000.0,-40000000.0,0.0,1.0,-1929000.0,-33333.33333333333,-29000.0,0.7430920467222157,1.0,1.0
10,0.7333333333333334,-1200000000.0,-45866666.666666664,-8257.4,0.7,0.3,-700000000.0,-53333333.333333336,0.0,1.0,-1929000.0,-33333.33333333333,-29000.0,0.7430920467222157,1.0,1.0
11,0.7333333333333334,-1200000000.0,-45866666.666666664,-8257.4,0.7,0.3,-700000000.0,-53333333.333333336,0.0,1.0,-8357666.666666666,-33333.33333333333,-29000.0,0.7430920467222157,1.0,1.0
12,0.7333333333333334,-1200000000.0,-45866666.666666664,-7155.4,0.7,0.3,-700000000.0,-53333333.333333336,0.0,1.0,-8357666.666666666,-33333.33333333333,-29000.0,0.7430920467222157,1.0,1.0
13,0.7333333333333334,-1200000000.0,-45866666.666666664,-7155.4,0.7,0.3,-700000000.0,-53333333.333333336,-1333.3333333333333,1.0,-8357666.666666666,-33333.33333333333,-29000.0,0.7430920467222157,1.0,1.0
14,0.7333333333333334,-1200000000.0,-45866666.666666664,-7155.4,0.7,0.1,-700000000.0,-53333333.333333336,-1333.3333333333333,1.0,-8357666.666666666,-33333.33333333333,-29000.0,0.7430920467222157,1.0,1.0
15,0.8666666666666667,-1466666666.6666667,-48000000.0,-7706.4,0.4,0.1,-700000000.0,-40000000.0,-666.6666666666667,3.6666666666666665,-8357666.666666666,-43000.0,-3000.0,0.8537285614107557,1.0,1.0
16,0.8666666666666667,-1466666666.6666667,-48000000.0,-7706.4,0.4,0.1,-700000000.0,-40000000.0,-666.6666666666667,3.6666666666666665,-1929000.0,-43000.0,-3000.0,0.8537285614107557,1.0,1.0
17,0.6,-1466666666.6666667,-48000000.0,-7706.4,0.4,0.1,-700000000.0,-40000000.0,-666.6666666666667,3.6666666666666665,-1929000.0,-43000.0,-3000.0,0.8537285614107557,1.0,1.0
18,0.6,-1466666666.6666667,-48000000.0,-7706.4,0.4,0.3,-700000000.0,-40000000.0,-666.6666666666667,3.6666666666666665,-1929000.0,-43000.0,-3000.0,0.8537285614107557,1.0,1.0
19,0.6,-1200000000.0,-48000000.0,-7706.4,0.4,0.3,-700000000.0,-40000000.0,-666.6666666666667,3.6666666666666665,-1929000.0,-43000.0,-3000.0,0.8537285614107557,1.0,1.0
20,0.6,-1200000000.0,-48000000.0,-7706.4,0.4,0.3,-566666666.6666666,-40000000.0,-666.6666666666667,3.6666666666666665,-1929000.0,-43000.0,-3000.0,0.8537285614107557,1.0,1.0
21,0.6,-1200000000.0,-48000000.0,-7706.4,0.4,0.3,-566666666.6666666,-40000000.0,-2000.0,3.6666666666666665,-1929000.0,-43000.0,-3000.0,0.8537285614107557,1.0,1.0
22,0.6,-1200000000.0,-48000000.0,-7706.4,0.4,0.3,-566666666.6666666,-40000000.0,-2000.0,3.6666666666666665,-1929000.0,-23666.666666666668,-3000.0,0.8537285614107557,1.0,1.0
23,0.6,-1200000000.0,-48000000.0,-6604.4,0.4,0.3,-566666666.6666666,-40000000.0,-2000.0,3.6666666666666665,-1929000.0,-23666.666666666668,-3000.0,0.8537285614107557,1.0,1.0
24,0.6,-1200000000.0,-48000000.0,-6604.4,0.4,0.3,-566666666.6666666,-53333333.333333336,-2000.0,3.6666666666666665,-1929000.0,-23666.666666666668,-3000.0,0.8537285614107557,1.0,1.0
25,0.6,-1200000000.0,-43733333.333333336,-6604.4,0.4,0.3,-566666666.6666666,-53333333.333333336,-2000.0,3.6666666666666665,-1929000.0,-23666.666666666668,-3000.0,0.8537285614107557,1.0,1.0
26,0.6,-1200000000.0,-43733333.333333336,-6604.4,0.4,0.3,-566666666.6666666,-53333333.333333336,-2000.0,3.6666666666666665,-1929000.0,-23666.666666666668,-3000.0,0.6324555320336759,1.0,1.0
27,0.6,-1200000000.0,-43733333.333333336,-6604.4,0.4,0.3,-566666666.6666666,-53333333.333333336,-2000.0,1.0,-1929000.0,-23666.666666666668,-3000.0,0.6324555320336759,1.0,1.0
28,0.6,-1200000000.0,-43733333.333333336,-6604.4,0.6,0.3,-566666666.6666666,-53333333.333333336,-2000.0,1.0,-1929000.0,-23666.666666666668,-3000.0,0.6324555320336759,1.0,1.0
29,0.6,-1200000000.0,-43733333.333333336,-6604.4,0.6,0.3,-566666666.6666666,-53333333.333333336,-2000.0,1.0,-1929000.0,-23666.666666666668,-20333.333333333332,0.6324555320336759,1.0,1.0
30,0.8666666666666667,-1600000000.0,-48000000.0,-7155.4,0.4,0.0,-566666666.6666666,-40000000.0,0.0,2.3333333333333335,-1929000.0,-23666.666666666668,-3000.0,0.9643650760992956,1.0,1.0
31,0.8666666666666667,-1600000000.0,-48000000.0,-7155.4,0.4,0.0,-700000000.0,-40000000.0,0.0,2.3333333333333335,-1929000.0,-23666.666666666668,-3000.0,0.9643650760992956,1.0,1.0
32,0.8666666666666667,-1600000000.0,-43733333.333333336,-7155.4,0.4,0.0,-700000000.0,-40000000.0,0.0,2.3333333333333335,-1929000.0,-23666.666666666668,-3000.0,0.9643650760992956,1.0,1.0
33,0.8666666666666667,-1600000000.0,-43733333.333333336,-7155.4,0.6,0.0,-700000000.0,-40000000.0,0.0,2.3333333333333335,-1929000.0,-23666.666666666668,-3000.0,0.9643650760992956,1.0,1.0
34,0.6,-1600000000.0,-43733333.333333336,-7155.4,0.6,0.0,-700000000.0,-40000000.0,0.0,2.3333333333333335,-1929000.0,-23666.666666666668,-3000.0,0.9643650760992956,1.0,1.0
35,0.6,-1600000000.0,-43733333.333333336,-8257.4,0.6,0.0,-700000000.0,-40000000.0,0.0,2.3333333333333335,-1929000.0,-23666.666666666668,-3000.0,0.9643650760992956,1.0,1.0
36,0.6,-1600000000.0,-43733333.333333336,-8257.4,0.6,0.0,-700000000.0,-40000000.0,0.0,5.0,-1929000.0,-23666.666666666668,-3000.0,0.9643650760992956,1.0,1.0
37,0.6,-1333333333.3333333,-43733333.333333336,-8257.4,0.6,0.0,-700000000.0,-40000000.0,0.0,5.0,-1929000.0,-23666.666666666668,-3000.0,0.9643650760992956,1.0,1.0
38,0.6,-1333333333.3333333,-43733333.333333336,-8257.4,0.6,0.19999999999999998,-700000000.0,-40000000.0,0.0,5.0,-1929000.0,-23666.666666666668,-3000.0,0.9643650760992956,1.0,1.0
39,0.6,-1333333333.3333333,-43733333.333333336,-8257.4,0.6,0.19999999999999998,-700000000.0,-53333333.333333336,0.0,5.0,-1929000.0,-23666.666666666668,-3000.0,0.9643650760992956,1.0,1.0
40,0.6,-1333333333.3333333,-43733333.333333336,-8257.4,0.6,0.19999999999999998,-700000000.0,-53333333.333333336,0.0,5.0,-1929000.0,-43000.0,-3000.0,0.9643650760992956,1.0,1.0
41,0.6,-1333333333.3333333,-43733333.333333336,-8257.4,0.6,0.19999999999999998,-700000000.0,-53333333.333333336,-1333.3333333333333,5.0,-1929000.0,-43000.0,-3000.0,0.9643650760992956,1.0,1.0
42,0.6,-1333333333.3333333,-43733333.333333336,-8257.4,0.6,0.19999999999999998,-700000000.0,-53333333.333333336,-1333.3333333333333,5.0,-8357666.666666666,-43000.0,-3000.0,0.9643650760992956,1.0,1.0
43,0.6,-1333333333.3333333,-43733333.333333336,-8257.4,0.6,0.19999999999999998,-700000000.0,-53333333.333333336,-1333.3333333333333,5.0,-8357666.666666666,-43000.0,-3000.0,0.7430920467222157,1.0,1.0
44,0.6,-1333333333.3333333,-43733333.333333336,-8257.4,0.6,0.19999999999999998,-700000000.0,-53333333.333333336,-1333.3333333333333,5.0,-8357666.666666666,-43000.0,-20333.333333333332,0.7430920467222157,1.0,1.0
45,0.8666666666666667,-1333333333.3333333,-48000000.0,-6604.4,0.4,0.3,-700000000.0,-60000000.0,-666.6666666666667,3.6666666666666665,-8357666.666666666,-14000.0,-3000.0,0.7430920467222157,1.0,1.0
46,0.8666666666666667,-1333333333.3333333,-48000000.0,-6604.4,0.4,0.3,-700000000.0,-60000000.0,-666.6666666666667,3.6666666666666665,-8357666.666666666,-14000.0,-20333.333333333332,0.7430920467222157,1.0,1.0
47,0.8666666666666667,-1600000000.0,-48000000.0,-6604.4,0.4,0.3,-700000000.0,-60000000.0,-666.6666666666667,3.6666666666666665,-8357666.666666666,-14000.0,-20333.333333333332,0.7430920467222157,1.0,1.0
48,0.8666666666666667,-1600000000.0,-48000000.0,-6604.4,0.4,0.3,-700000000.0,-60000000.0,-666.6666666666667,3.6666666666666665,-1929000.0,-14000.0,-20333.333333333332,0.7430920467222157,1.0,1.0
49,0.8666666666666667,-1600000000.0,-48000000.0,-6604.4,0.4,0.3,-700000000.0,-46666666.66666667,-666.6666666666667,3.6666666666666665,-1929000.0,-14000.0,-20333.333333333332,0.7430920467222157,1.0,1.0
50,0.6,-1600000000.0,-48000000.0,-6604.4,0.4,0.3,-700000000.0,-46666666.66666667,-666.6666666666667,3.6666666666666665,-1929000.0,-14000.0,-20333.333333333332,0.7430920467222157,1.0,1.0
51,0.6,-1600000000.0,-48000000.0,-6604.4,0.4,0.3,-700000000.0,-46666666.66666667,-666.6666666666667,3.6666666666666665,-1929000.0,-14000.0,-20333.333333333332,0.9643650760992956,1.0,1.0
52,0.6,-1600000000.0,-48000000.0,-6604.4,0.4,0.3,-700000000.0,-46666666.66666667,-2000.0,3.6666666666666665,-1929000.0,-14000.0,-20333.333333333332,0.9643650760992956,1.0,1.0
53,0.6,-1600000000.0,-48000000.0,-6604.4,0.4,0.3,-566666666.6666666,-46666666.66666667,-2000.0,3.6666666666666665,-1929000.0,-14000.0,-20333.333333333332,0.9643650760992956,1.0,1.0
54,0.6,-1600000000.0,-48000000.0,-6604.4,0.4,0.3,-566666666.6666666,-46666666.66666667,-2000.0,1.0,-1929000.0,-14000.0,-20333.333333333332,0.9643650760992956,1.0,1.0
55,0.6,-1600000000.0,-48000000.0,-6604.4,0.4,0.1,-566666666.6666666,-46666666.66666667,-2000.0,1.0,-1929000.0,-14000.0,-20333.333333333332,0.9643650760992956,1.0,1.0
56,0.6,-1600000000.0,-48000000.0,-7706.4,0.4,0.1,-566666666.6666666,-46666666.66666667,-2000.0,1.0,-1929000.0,-14000.0,-20333.333333333332,0.9643650760992956,1.0,1.0
57,0.6,-1600000000.0,-48000000.0,-7706.4,0.6,0.1,-566666666.6666666,-46666666.66666667,-2000.0,1.0,-1929000.0,-14000.0,-20333.333333333332,0.9643650760992956,1.0,1.0
58,0.6,-1600000000.0,-43733333.333333336,-7706.4,0.6,0.1,-566666666.6666666,-46666666.66666667,-2000.0,1.0,-1929000.0,-14000.0,-20333.333333333332,0.9643650760992956,1.0,1.0
59,0.6,-1600000000.0,-43733333.333333336,-7706.4,0.6,0.1,-566666666.6666666,-46666666.66666667,-2000.0,1.0,-1929000.0,-33333.33333333333,-20333.333333333332,0.9643650760992956,1.0,1.0
60,0.6,-1466666666.6666667,-43733333.333333336,-8257.4,0.5,0.19999999999999998,-500000000.0,-53333333.333333336,-666.6666666666667,5.0,-11572000.0,-23666.666666666668,-20333.333333333332,0.8537285614107557,1.0,1.0
61,0.6,-1466666666.6666667,-43733333.333333336,-8257.4,0.5,0.0,-500000000.0,-53333333.333333336,-666.6666666666667,5.0,-11572000.0,-23666.666666666668,-20333.333333333332,0.8537285614107557,1.0,1.0
62,0.6,-1200000000.0,-43733333.333333336,-8257.4,0.5,0.0,-500000000.0,-53333333.333333336,-666.6666666666667,5.0,-11572000.0,-23666.666666666668,-20333.333333333332,0.8537285614107557,1.0,1.0
63,0.6,-1200000000.0,-43733333.333333336,-8257.4,0.5,0.0,-500000000.0,-53333333.333333336,-666.6666666666667,2.3333333333333335,-11572000.0,-23666.666666666668,-20333.333333333332,0.8537285614107557,1.0,1.0
64,0.6,-1200000000.0,-43733333.333333336,-8257.4,0.5,0.0,-500000000.0,-40000000.0,-666.6666666666667,2.3333333333333335,-11572000.0,-23666.666666666668,-20333.333333333332,0.8537285614107557,1.0,1.0
65,0.6,-1200000000.0,-43733333.333333336,-8257.4,0.5,0.0,-500000000.0,-40000000.0,-666.6666666666667,2.3333333333333335,-11572000.0,-23666.666666666668,-20333.333333333332,0.6324555320336759,1.0,1.0
66,0.6,-1200000000.0,-43733333.333333336,-8257.4,0.5,0.0,-500000000.0,-40000000.0,-666.6666666666667,2.3333333333333335,-5143333.333333334,-23666.666666666668,-20333.333333333332,0.6324555320336759,1.0,1.0
67,0.6,-1200000000.0,-43733333.333333336,-8257.4,0.5,0.0,-500000000.0,-40000000.0,-666.6666666666667,2.3333333333333335,-5143333.333333334,-23666.666666666668,-3000.0,0.6324555320336759,1.0,1.0
68,0.6,-1200000000.0,-43733333.333333336,-8257.4,0.5,0.0,-500000000.0,-40000000.0,-666.6666666666667,2.3333333333333335,-5143333.333333334,-43000.0,-3000.0,0.6324555320336759,1.0,1.0
69,0.6,-1200000000.0,-48000000.0,-8257.4,0.5,0.0,-500000000.0,-40000000.0,-666.6666666666667,2.3333333333333335,-5143333.333333334,-43000.0,-3000.0,0.6324555320336759,1.0,1.0
70,0.6,-1200000000.0,-48000000.0,-8257.4,0.5,0.0,-500000000.0,-40000000.0,-2000.0,2.3333333333333335,-5143333.333333334,-43000.0,-3000.0,0.6324555320336759,1.0,1.0
71,0.6,-1200000000.0,-48000000.0,-8257.4,0.7,0.0,-500000000.0,-40000000.0,-2000.0,2.3333333333333335,-5143333.333333334,-43000.0,-3000.0,0.6324555320336759,1.0,1.0
72,0.6,-1200000000.0,-48000000.0,-8257.4,0.7,0.0,-633333333.3333334,-40000000.0,-2000.0,2.3333333333333335,-5143333.333333334,-43000.0,-3000.0,0.6324555320336759,1.0,1.0
73,0.6,-1200000000.0,-48000000.0,-7155.4,0.7,0.0,-633333333.3333334,-40000000.0,-2000.0,2.3333333333333335,-5143333.333333334,-43000.0,-3000.0,0.6324555320336759,1.0,1.0
74,0.8666666666666667,-1200000000.0,-48000000.0,-7155.4,0.7,0.0,-633333333.3333334,-40000000.0,-2000.0,2.3333333333333335,-5143333.333333334,-43000.0,-3000.0,0.6324555320336759,1.0,1.0
75,0.6,-1200000000.0,-48000000.0,-6604.4,0.6,0.0,-633333333.3333334,-46666666.66666667,-666.6666666666667,2.3333333333333335,-11572000.0,-43000.0,-29000.0,0.8537285614107557,1.0,1.0
76,0.6,-1200000000.0,-48000000.0,-6604.4,0.6,0.0,-633333333.3333334,-60000000.0,-666.6666666666667,2.3333333333333335,-11572000.0,-43000.0,-29000.0,0.8537285614107557,1.0,1.0
77,0.8666666666666667,-1200000000.0,-48000000.0,-6604.4,0.6,0.0,-633333333.3333334,-60000000.0,-666.6666666666667,2.3333333333333335,-11572000.0,-43000.0,-29000.0,0.8537285614107557,1.0,1.0
78,0.8666666666666667,-1200000000.0,-48000000.0,-6604.4,0.6,0.0,-633333333.3333334,-60000000.0,-666.6666666666667,2.3333333333333335,-11572000.0,-23666.666666666668,-29000.0,0.8537285614107557,1.0,1.0
79,0.8666666666666667,-1200000000.0,-48000000.0,-6604.4,0.6,0.0,-633333333.3333334,-60000000.0,-666.6666666666667,5.0,-11572000.0,-23666.666666666668,-29000.0,0.8537285614107557,1.0,1.0
80,0.8666666666666667,-1200000000.0,-48000000.0,-6604.4,0.6,0.0,-633333333.3333334,-60000000.0,-2000.0,5.0,-11572000.0,-23666.666666666668,-29000.0,0.8537285614107557,1.0,1.0
81,0.8666666666666667,-1200000000.0,-48000000.0,-6604.4,0.6,0.0,-633333333.3333334,-60000000.0,-2000.0,5.0,-11572000.0,-23666.666666666668,-29000.0,0.6324555320336759,1.0,1.0
82,0.8666666666666667,-1200000000.0,-48000000.0,-6604.4,0.6,0.19999999999999998,-633333333.3333334,-60000000.0,-2000.0,5.0,-11572000.0,-23666.666666666668,-29000.0,0.6324555320336759,1.0,1.0
83,0.8666666666666667,-1200000000.0,-48000000.0,-6604.4,0.6,0.19999999999999998,-500000000.0,-60000000.0,-2000.0,5.0,-11572000.0,-23666.666666666668,-29000.0,0.6324555320336759,1.0,1.0
84,0.8666666666666667,-1200000000.0,-48000000.0,-6604.4,0.4,0.19999999999999998,-500000000.0,-60000000.0,-2000.0,5.0,-11572000.0,-23666.666666666668,-29000.0,0.6324555320336759,1.0,1.0
85,0.8666666666666667,-1466666666.6666667,-48000000.0,-6604.4,0.4,0.19999999999999998,-500000000.0,-60000000.0,-2000.0,5.0,-11572000.0,-23666.666666666668,-29000.0,0.6324555320336759,1.0,1.0
86,0.8666666666666667,-1466666666.6666667,-48000000.0,-6604.4,0.4,0.19999999999999998,-500000000.0,-60000000.0,-2000.0,5.0,-11572000.0,-23666.666666666668,-11666.666666666668,0.6324555320336759,1.0,1.0
87,0.8666666666666667,-1466666666.6666667,-43733333.333333336,-6604.4,0.4,0.19999999999999998,-500000000.0,-60000000.0,-2000.0,5.0,-11572000.0,-23666.666666666668,-11666.666666666668,0.6324555320336759,1.0,1.0
88,0.8666666666666667,-1466666666.6666667,-43733333.333333336,-6604.4,0.4,0.19999999999999998,-500000000.0,-60000000.0,-2000.0,5.0,-5143333.333333334,-23666.666666666668,-11666.666666666668,0.6324555320336759,1.0,1.0
89,0.8666666666666667,-1466666666.6666667,-43733333.333333336,-7706.4,0.4,0.19999999999999998,-500000000.0,-60000000.0,-2000.0,5.0,-5143333.333333334,-23666.666666666668,-11666.666666666668,0.6324555320336759,1.0,1.0
90,1.0,-1200000000.0,-43733333.333333336,-6604.4,0.4,0.0,-500000000.0,-46666666.66666667,-2000.0,3.6666666666666665,-5143333.333333334,-33333.33333333333,-3000.0,0.6324555320336759,1.0,1.0
91,0.7333333333333334,-1200000000.0,-43733333.333333336,-6604.4,0.4,0.0,-500000000.0,-46666666.66666667,-2000.0,3.6666666666666665,-5143333.333333334,-33333.33333333333,-3000.0,0.6324555320336759,1.0,1.0
92,0.7333333333333334,-1200000000.0,-43733333.333333336,-6604.4,0.4,0.0,-500000000.0,-46666666.66666667,-2000.0,3.6666666666666665,-11572000.0,-33333.33333333333,-3000.0,0.6324555320336759,1.0,1.0
93,0.7333333333333334,-1200000000.0,-43733333.333333336,-6604.4,0.4,0.19999999999999998,-500000000.0,-46666666.66666667,-2000.0,3.6666666666666665,-11572000.0,-33333.33333333333,-3000.0,0.6324555320336759,1.0,1.0
94,0.7333333333333334,-1200000000.0,-48000000.0,-6604.4,0.4,0.19999999999999998,-500000000.0,-46666666.66666667,-2000.0,3.6666666666666665,-11572000.0,-33333.33333333333,-3000.0,0.6324555320336759,1.0,1.0
95,0.7333333333333334,-1466666666.6666667,-48000000.0,-6604.4,0.4,0.19999999999999998,-500000000.0,-46666666.66666667,-2000.0,3.6666666666666665,-11572000.0,-33333.33333333333,-3000.0,0.6324555320336759,1.0,1.0
96,0.7333333333333334,-1466666666.6666667,-48000000.0,-6604.4,0.4,0.19999999999999998,-500000000.0,-60000000.0,-2000.0,3.6666666666666665,-11572000.0,-33333.33333333333,-3000.0,0.6324555320336759,1.0,1.0
97,0.7333333333333334,-1466666666.6666667,-48000000.0,-6604.4,0.4,0.19999999999999998,-500000000.0,-60000000.0,-2000.0,3.6666666666666665,-11572000.0,-14000.0,-3000.0,0.6324555320336759,1.0,1.0
98,0.7333333333333334,-1466666666.6666667,-48000000.0,-6604.4,0.4,0.19999999999999998,-500000000.0,-60000000.0,-2000.0,1.0,-11572000.0,-14000.0,-3000.0,0.6324555320336759,1.0,1.0
99,0.7333333333333334,-1466666666.6666667,-48000000.0,-6604.4,0.4,0.19999999999999998,-633333333.3333334,-60000000.0,-2000.0,1.0,-11572000.0,-14000.0,-3000.0,0.6324555320336759,1.0,1.0
100,0.7333333333333334,-1466666666.6666667,-48000000.0,-6604.4,0.4,0.19999999999999998,-633333333.3333334,-60000000.0,-666.6666666666667,1.0,-11572000.0,-14000.0,-3000.0,0.6324555320336759,1.0,1.0
101,0.7333333333333334,-1466666666.6666667,-48000000.0,-6604.4,0.4,0.19999999999999998,-633333333.3333334,-60000000.0,-666.6666666666667,1.0,-11572000.0,-14000.0,-20333.333333333332,0.6324555320336759,1.0,1.0
102,0.7333333333333334,-1466666666.6666667,-48000000.0,-7706.4,0.4,0.19999999999999998,-633333333.3333334,-60000000.0,-666.6666666666667,1.0,-11572000.0,-14000.0,-20333.333333333332,0.6324555320336759,1.0,1.0
103,0.7333333333333334,-1466666666.6666667,-48000000.0,-7706.4,0.4,0.19999999999999998,-633333333.3333334,-60000000.0,-666.6666666666667,1.0,-11572000.0,-14000.0,-20333.333333333332,0.8537285614107557,1.0,1.0
104,0.7333333333333334,-1466666666.6666667,-48000000.0,-7706.4,0.6,0.19999999999999998,-633333333.3333334,-60000000.0,-666.6666666666667,1.0,-11572000.0,-14000.0,-20333.333333333332,0.8537285614107557,1.0,1.0
105,0.7333333333333334,-1200000000.0,-48000000.0,-7155.4,0.6,0.1,-566666666.6666666,-60000000.0,-666.6666666666667,1.0,-11572000.0,-33333.33333333333,-20333.333333333332,0.7430920467222157,1.0,1.0
106,0.7333333333333334,-1200000000.0,-48000000.0,-7155.4,0.6,0.1,-700000000.0,-60000000.0,-666.6666666666667,1.0,-11572000.0,-33333.33333333333,-20333.333333333332,0.7430920467222157,1.0,1.0
107,0.7333333333333334,-1200000000.0,-48000000.0,-7155.4,0.6,0.1,-700000000.0,-60000000.0,-666.6666666666667,1.0,-11572000.0,-33333.33333333333,-3000.0,0.7430920467222157,1.0,1.0
108,0.7333333333333334,-1200000000.0,-48000000.0,-7155.4,0.6,0.1,-700000000.0,-46666666.66666667,-666.6666666666667,1.0,-11572000.0,-33333.33333333333,-3000.0,0.7430920467222157,1.0,1.0
109,0.7333333333333334,-1200000000.0,-48000000.0,-7155.4,0.4,0.1,-700000000.0,-46666666.66666667,-666.6666666666667,1.0,-11572000.0,-33333.33333333333,-3000.0,0.7430920467222157,1.0,1.0
110,0.7333333333333334,-1200000000.0,-48000000.0,-7155.4,0.4,0.3,-700000000.0,-46666666.66666667,-666.6666666666667,1.0,-11572000.0,-33333.33333333333,-3000.0,0.7430920467222157,1.0,1.0
111,0.7333333333333334,-1200000000.0,-48000000.0,-7155.4,0.4,0.3,-700000000.0,-46666666.66666667,-666.6666666666667,1.0,-11572000.0,-33333.33333333333,-3000.0,0.9643650760992956,1.0,1.0
112,1.0,-1200000000.0,-48000000.0,-7155.4,0.4,0.3,-700000000.0,-46666666.66666667,-666.6666666666667,1.0,-11572000.0,-33333.33333333333,-3000.0,0.9643650760992956,1.0,1.0
113,1.0,-1200000000.0,-48000000.0,-7155.4,0.4,0.3,-700000000.0,-46666666.66666667,-2000.0,1.0,-11572000.0,-33333.33333333333,-3000.0,0.9643650760992956,1.0,1.0
114,1.0,-1200000000.0,-43733333.333333336,-7155.4,0.4,0.3,-700000000.0,-46666666.66666667,-2000.0,1.0,-11572000.0,-33333.33333333333,-3000.0,0.9643650760992956,1.0,1.0
115,1.0,-1200000000.0,-43733333.333333336,-8257.4,0.4,0.3,-700000000.0,-46666666.66666667,-2000.0,1.0,-11572000.0,-33333.33333333333,-3000.0,0.9643650760992956,1.0,1.0
116,1.0,-1200000000.0,-43733333.333333336,-8257.4,0.4,0.3,-700000000.0,-46666666.66666667,-2000.0,3.6666666666666665,-11572000.0,-33333.33333333333,-3000.0,0.9643650760992956,1.0,1.0
117,1.0,-1466666666.6666667,-43733333.333333336,-8257.4,0.4,0.3,-700000000.0,-46666666.66666667,-2000.0,3.6666666666666665,-11572000.0,-33333.33333333333,-3000.0,0.9643650760992956,1.0,1.0
118,1.0,-1466666666.6666667,-43733333.333333336,-8257.4,0.4,0.3,-700000000.0,-46666666.66666667,-2000.0,3.6666666666666665,-5143333.333333334,-33333.33333333333,-3000.0,0.9643650760992956,1.0,1.0
119,1.0,-1466666666.6666667,-43733333.333333336,-8257.4,0.4,0.3,-700000000.0,-46666666.66666667,-2000.0,3.6666666666666665,-5143333.333333334,-14000.0,-3000.0,0.9643650760992956,1.0,1.0
120,0.7333333333333334,-1466666666.6666667,-41600000.0,-8257.4,0.6,0.0,-633333333.3333334,-53333333.333333336,-2000.0,5.0,-5143333.333333334,-23666.666666666668,-11666.666666666668,0.7430920467222157,1.0,1.0
121,0.7333333333333334,-1466666666.6666667,-41600000.0,-8257.4,0.4,0.0,-633333333.3333334,-53333333.333333336,-2000.0,5.0,-5143333.333333334,-23666.666666666668,-11666.666666666668,0.7430920467222157,1.0,1.0
122,0.7333333333333334,-1466666666.6666667,-41600000.0,-8257.4,0.4,0.0,-633333333.3333334,-53333333.333333336,-2000.0,5.0,-11572000.0,-23666.666666666668,-11666.666666666668,0.7430920467222157,1.0,1.0
123,0.7333333333333334,-1466666666.6666667,-41600000.0,-8257.4,0.4,0.0,-633333333.3333334,-40000000.0,-2000.0,5.0,-11572000.0,-23666.666666666668,-11666.666666666668,0.7430920467222157,1.0,1.0
124,0.7333333333333334,-1466666666.6666667,-41600000.0,-8257.4,0.4,0.0,-633333333.3333334,-40000000.0,-2000.0,5.0,-11572000.0,-43000.0,-11666.666666666668,0.7430920467222157,1.0,1.0
125,0.7333333333333334,-1466666666.6666667,-41600000.0,-8257.4,0.4,0.0,-500000000.0,-40000000.0,-2000.0,5.0,-11572000.0,-43000.0,-11666.666666666668,0.7430920467222157,1.0,1.0
126,0.7333333333333334,-1466666666.6666667,-41600000.0,-7155.4,0.4,0.0,-500000000.0,-40000000.0,-2000.0,5.0,-11572000.0,-43000.0,-11666.666666666668,0.7430920467222157,1.0,1.0
127,0.7333333333333334,-1200000000.0,-41600000.0,-7155.4,0.4,0.0,-500000000.0,-40000000.0,-2000.0,5.0,-11572000.0,-43000.0,-11666.666666666668,0.7430920467222157,1.0,1.0
128,0.7333333333333334,-1200000000.0,-41600000.0,-7155.4,0.4,0.0,-500000000.0,-40000000.0,-666.6666666666667,5.0,-11572000.0,-43000.0,-11666.666666666668,0.7430920467222157,1.0,1.0
129,0.7333333333333334,-1200000000.0,-41600000.0,-7155.4,0.4,0.0,-500000000.0,-40000000.0,-666.6666666666667,2.3333333333333335,-11572000.0,-43000.0,-11666.666666666668,0.7430920467222157,1.0,1.0
130,1.0,-1200000000.0,-41600000.0,-7155.4,0.4,0.0,-500000000.0,-40000000.0,-666.6666666666667,2.3333333333333335,-11572000.0,-43000.0,-11666.666666666668,0.7430920467222157,1.0,1.0
131,1.0,-1200000000.0,-41600000.0,-7155.4,0.4,0.0,-500000000.0,-40000000.0,-666.6666666666667,2.3333333333333335,-11572000.0,-43000.0,-11666.666666666668,0.9643650760992956,1.0,1.0
132,1.0,-1200000000.0,-41600000.0,-7155.4,0.4,0.19999999999999998,-500000000.0,-40000000.0,-666.6666666666667,2.3333333333333335,-11572000.0,-43000.0,-11666.666666666668,0.9643650760992956,1.0,1.0
133,1.0,-1200000000.0,-41600000.0,-7155.4,0.4,0.19999999999999998,-500000000.0,-40000000.0,-666.6666666666667,2.3333333333333335,-11572000.0,-43000.0,-29000.0,0.9643650760992956,1.0,1.0
134,1.0,-1200000000.0,-45866666.666666664,-7155.4,0.4,0.19999999999999998,-500000000.0,-40000000.0,-666.6666666666667,2.3333333333333335,-11572000.0,-43000.0,-29000.0,0.9643650760992956,1.0,1.0
135,1.0,-1600000000.0,-41600000.0,-7155.4,0.4,0.19999999999999998,-566666666.6666666,-46666666.66666667,-1333.3333333333333,3.6666666666666665,-8357666.666666666,-23666.666666666668,-3000.0,0.9643650760992956,1.0,1.0
136,1.0,-1600000000.0,-41600000.0,-7155.4,0.4,0.19999999999999998,-566666666.6666666,-46666666.66666667,-1333.3333333333333,1.0,-8357666.666666666,-23666.666666666668,-3000.0,0.9643650760992956,1.0,1.0
137,1.0,-1333333333.3333333,-41600000.0,-7155.4,0.4,0.19999999999999998,-566666666.6666666,-46666666.66666667,-1333.3333333333333,1.0,-8357666.666666666,-23666.666666666668,-3000.0,0.9643650760992956,1.0,1.0
138,1.0,-1333333333.3333333,-41600000.0,-7155.4,0.4,0.19999999999999998,-566666666.6666666,-46666666.66666667,0.0,1.0,-8357666.666666666,-23666.666666666668,-3000.0,0.9643650760992956,1.0,1.0
139,1.0,-1333333333.3333333,-41600000.0,-7155.4,0.4,0.19999999999999998,-566666666.6666666,-60000000.0,0.0,1.0,-8357666.666666666,-23666.666666666668,-3000.0,0.9643650760992956,1.0,1.0
140,1.0,-1333333333.3333333,-41600000.0,-7155.4,0.4,0.19999999999999998,-700000000.0,-60000000.0,0.0,1.0,-8357666.666666666,-23666.666666666668,-3000.0,0.9643650760992956,1.0,1.0
141,1.0,-1333333333.3333333,-41600000.0,-7155.4,0.4,0.19999999999999998,-700000000.0,-60000000.0,0.0,1.0,-1929000.0,-23666.666666666668,-3000.0,0.9643650760992956,1.0,1.0
142,1.0,-1333333333.3333333,-41600000.0,-7155.4,0.4,0.19999999999999998,-700000000.0,-60000000.0,0.0,1.0,-1929000.0,-23666.666666666668,-3000.0,0.7430920467222157,1.0,1.0
143,1.0,-1333333333.3333333,-41600000.0,-7155.4,0.4,0.19999999999999998,-700000000.0,-60000000.0,0.0,1.0,-1929000.0,-43000.0,-3000.0,0.7430920467222157,1.0,1.0
144,1.0,-1333333333.3333333,-41600000.0,-7155.4,0.6,0.19999999999999998,-700000000.0,-60000000.0,0.0,1.0,-1929000.0,-43000.0,-3000.0,0.7430920467222157,1.0,1.0
145,1.0,-1333333333.3333333,-45866666.666666664,-7155.4,0.6,0.19999999999999998,-700000000.0,-60000000.0,0.0,1.0,-1929000.0,-43000.0,-3000.0,0.7430920467222157,1.0,1.0
146,0.7333333333333334,-1333333333.3333333,-45866666.666666664,-7155.4,0.6,0.19999999999999998,-700000000.0,-60000000.0,0.0,1.0,-1929000.0,-43000.0,-3000.0,0.7430920467222157,1.0,1.0
147,0.7333333333333334,-1333333333.3333333,-45866666.666666664,-8257.4,0.6,0.19999999999999998,-700000000.0,-60000000.0,0.0,1.0,-1929000.0,-43000.0,-3000.0,0.7430920467222157,1.0,1.0
148,0.7333333333333334,-1333333333.3333333,-45866666.666666664,-8257.4,0.6,0.0,-700000000.0,-60000000.0,0.0,1.0,-1929000.0,-43000.0,-3000.0,0.7430920467222157,1.0,1.0
149,0.7333333333333334,-1333333333.3333333,-45866666.666666664,-8257.4,0.6,0.0,-700000000.0,-60000000.0,0.0,1.0,-1929000.0,-43000.0,-20333.333333333332,0.7430920467222157,1.0,1.0
150,0.8666666666666667,-1333333333.3333333,-43733333.333333336,-8257.4,0.4,0.19999999999999998,-700000000.0,-46666666.66666667,0.0,3.6666666666666665,-1929000.0,-14000.0,-11666.666666666668,0.7430920467222157,1.0,1.0
151,0.8666666666666667,-1333333333.3333333,-43733333.333333336,-8257.4,0.6,0.19999999999999998,-700000000.0,-46666666.66666667,0.0,3.6666666666666665,-1929000.0,-14000.0,-11666.666666666668,0.7430920467222157,1.0,1.0
152,0.8666666666666667,-1333333333.3333333,-43733333.333333336,-8257.4,0.6,0.0,-700000000.0,-46666666.66666667,0.0,3.6666666666666665,-1929000.0,-14000.0,-11666.666666666668,0.7430920467222157,1.0,1.0
153,0.8666666666666667,-1333333333.3333333,-48000000.0,-8257.4,0.6,0.0,-700000000.0,-46666666.66666667,0.0,3.6666666666666665,-1929000.0,-14000.0,-11666.666666666668,0.7430920467222157,1.0,1.0
154,0.8666666666666667,-1333333333.3333333,-48000000.0,-8257.4,0.6,0.0,-700000000.0,-60000000.0,0.0,3.6666666666666665,-1929000.0,-14000.0,-11666.666666666668,0.7430920467222157,1.0,1.0
155,0.8666666666666667,-1600000000.0,-48000000.0,-8257.4,0.6,0.0,-700000000.0,-60000000.0,0.0,3.6666666666666665,-1929000.0,-14000.0,-11666.666666666668,0.7430920467222157,1.0,1.0
156,0.8666666666666667,-1600000000.0,-48000000.0,-8257.4,0.6,0.0,-566666666.6666666,-60000000.0,0.0,3.6666666666666665,-1929000.0,-14000.0,-11666.666666666668,0.7430920467222157,1.0,1.0
157,0.8666666666666667,-1600000000.0,-48000000.0,-8257.4,0.6,0.0,-566666666.6666666,-60000000.0,0.0,3.6666666666666665,-1929000.0,-14000.0,-11666.666666666668,0.9643650760992956,1.0,1.0
158,0.8666666666666667,-1600000000.0,-48000000.0,-8257.4,0.6,0.0,-566666666.6666666,-60000000.0,0.0,3.6666666666666665,-1929000.0,-14000.0,-29000.0,0.9643650760992956,1.0,1.0
159,0.8666666666666667,-1600000000.0,-48000000.0,-8257.4,0.6,0.0,-566666666.6666666,-60000000.0,0.0,1.0,-1929000.0,-14000.0,-29000.0,0.9643650760992956,1.0,1.0
160,0.6,-1600000000.0,-48000000.0,-8257.4,0.6,0.0,-566666666.6666666,-60000000.0,0.0,1.0,-1929000.0,-14000.0,-29000.0,0.9643650760992956,1.0,1.0
161,0.6,-1600000000.0,-48000000.0,-7155.4,0.6,0.0,-566666666.6666666,-60000000.0,0.0,1.0,-1929000.0,-14000.0,-29000.0,0.9643650760992956,1.0,1.0
162,0.6,-1600000000.0,-48000000.0,-7155.4,0.6,0.0,-566666666.6666666,-60000000.0,-1333.3333333333333,1.0,-1929000.0,-14000.0,-29000.0,0.9643650760992956,1.0,1.0
163,0.6,-1600000000.0,-48000000.0,-7155.4,0.6,0.0,-566666666.6666666,-60000000.0,-1333.3333333333333,1.0,-8357666.666666666,-14000.0,-29000.0,0.9643650760992956,1.0,1.0
164,0.6,-1600000000.0,-48000000.0,-7155.4,0.6,0.0,-566666666.6666666,-60000000.0,-1333.3333333333333,1.0,-8357666.666666666,-33333.33333333333,-29000.0,0.9643650760992956,1.0,1.0
165,0.6,-1600000000.0,-48000000.0,-8257.4,0.5,0.0,-500000000.0,-40000000.0,0.0,3.6666666666666665,-1929000.0,-43000.0,-29000.0,0.7430920467222157,1.0,1.0
166,0.6,-1600000000.0,-48000000.0,-8257.4,0.5,0.0,-500000000.0,-40000000.0,0.0,3.6666666666666665,-1929000.0,-23666.666666666668,-29000.0,0.7430920467222157,1.0,1.0
167,0.6,-1600000000.0,-48000000.0,-8257.4,0.5,0.0,-500000000.0,-40000000.0,0.0,3.6666666666666665,-1929000.0,-23666.666666666668,-29000.0,0.9643650760992956,1.0,1.0
168,0.6,-1600000000.0,-48000000.0,-8257.4,0.5,0.0,-500000000.0,-40000000.0,0.0,3.6666666666666665,-8357666.666666666,-23666.666666666668,-29000.0,0.9643650760992956,1.0,1.0
169,0.6,-1600000000.0,-48000000.0,-8257.4,0.7,0.0,-500000000.0,-40000000.0,0.0,3.6666666666666665,-8357666.666666666,-23666.666666666668,-29000.0,0.9643650760992956,1.0,1.0
170,0.6,-1333333333.3333333,-48000000.0,-8257.4,0.7,0.0,-500000000.0,-40000000.0,0.0,3.6666666666666665,-8357666.666666666,-23666.666666666668,-29000.0,0.9643650760992956,1.0,1.0
171,0.6,-1333333333.3333333,-48000000.0,-8257.4,0.7,0.0,-500000000.0,-40000000.0,-1333.3333333333333,3.6666666666666665,-8357666.666666666,-23666.666666666668,-29000.0,0.9643650760992956,1.0,1.0
172,0.6,-1333333333.3333333,-48000000.0,-8257.4,0.7,0.0,-500000000.0,-40000000.0,-1333.3333333333333,1.0,-8357666.666666666,-23666.666666666668,-29000.0,0.9643650760992956,1.0,1.0
173,0.8666666666666667,-1333333333.3333333,-48000000.0,-8257.4,0.7,0.0,-500000000.0,-40000000.0,-1333.3333333333333,1.0,-8357666.666666666,-23666.666666666668,-29000.0,0.9643650760992956,1.0,1.0
174,0.8666666666666667,-1333333333.3333333,-48000000.0,-8257.4,0.7,0.19999999999999998,-500000000.0,-40000000.0,-1333.3333333333333,1.0,-8357666.666666666,-23666.666666666668,-29000.0,0.9643650760992956,1.0,1.0
175,0.8666666666666667,-1333333333.3333333,-48000000.0,-7155.4,0.7,0.19999999999999998,-500000000.0,-40000000.0,-1333.3333333333333,1.0,-8357666.666666666,-23666.666666666668,-29000.0,0.9643650760992956,1.0,1.0
176,0.8666666666666667,-1333333333.3333333,-48000000.0,-7155.4,0.7,0.19999999999999998,-633333333.3333334,-40000000.0,-1333.3333333333333,1.0,-8357666.666666666,-23666.666666666668,-29000.0,0.9643650760992956,1.0,1.0
177,0.8666666666666667,-1333333333.3333333,-48000000.0,-7155.4,0.7,0.19999999999999998,-633333333.3333334,-40000000.0,-1333.3333333333333,1.0,-8357666.666666666,-23666.666666666668,-11666.666666666668,0.9643650760992956,1.0,1.0
178,0.8666666666666667,-1333333333.3333333,-43733333.333333336,-7155.4,0.7,0.19999999999999998,-633333333.3333334,-40000000.0,-1333.3333333333333,1.0,-8357666.666666666,-23666.666666666668,-11666.666666666668,0.9643650760992956,1.0,1.0
179,0.8666666666666667,-1333333333.3333333,-43733333.333333336,-7155.4,0.7,0.19999999999999998,-633333333.3333334,-53333333.333333336,-1333.3333333333333,1.0,-8357666.666666666,-23666.666666666668,-11666.666666666668,0.9643650760992956,1.0,1.0
180,0.6,-1600000000.0,-43733333.333333336,-7155.4,0.4,0.1,-566666666.6666666,-46666666.66666667,0.0,2.3333333333333335,-5143333.333333334,-23666.666666666668,-29000.0,0.7430920467222157,1.0,1.0
181,0.6,-1600000000.0,-43733333.333333336,-7155.4,0.6,0.1,-566666666.6666666,-46666666.66666667,0.0,2.3333333333333335,-5143333.333333334,-23666.666666666668,-29000.0,0.7430920467222157,1.0,1.0
182,0.6,-1600000000.0,-43733333.333333336,-7155.4,0.6,0.1,-566666666.6666666,-60000000.0,0.0,2.3333333333333335,-5143333.333333334,-23666.666666666668,-29000.0,0.7430920467222157,1.0,1.0
183,0.6,-1600000000.0,-43733333.333333336,-7155.4,0.6,0.1,-566666666.6666666,-60000000.0,0.0,2.3333333333333335,-5143333.333333334,-43000.0,-29000.0,0.7430920467222157,1.0,1.0
184,0.6,-1600000000.0,-43733333.333333336,-7155.4,0.6,0.1,-566666666.6666666,-60000000.0,0.0,2.3333333333333335,-11572000.0,-43000.0,-29000.0,0.7430920467222157,1.0,1.0
185,0.6,-1600000000.0,-43733333.333333336,-8257.4,0.6,0.1,-566666666.6666666,-60000000.0,0.0,2.3333333333333335,-11572000.0,-43000.0,-29000.0,0.7430920467222157,1.0,1.0
186,0.6,-1600000000.0,-43733333.333333336,-8257.4,0.6,0.1,-700000000.0,-60000000.0,0.0,2.3333333333333335,-11572000.0,-43000.0,-29000.0,0.7430920467222157,1.0,1.0
187,0.6,-1600000000.0,-43733333.333333336,-8257.4,0.6,0.1,-700000000.0,-60000000.0,0.0,5.0,-11572000.0,-43000.0,-29000.0,0.7430920467222157,1.0,1.0
188,0.6,-1600000000.0,-43733333.333333336,-8257.4,0.6,0.3,-700000000.0,-60000000.0,0.0,5.0,-11572000.0,-43000.0,-29000.0,0.7430920467222157,1.0,1.0
189,0.6,-1600000000.0,-48000000.0,-8257.4,0.6,0.3,-700000000.0,-60000000.0,0.0,5.0,-11572000.0,-43000.0,-29000.0,0.7430920467222157,1.0,1.0
190,0.8666666666666667,-1600000000.0,-48000000.0,-8257.4,0.6,0.3,-700000000.0,-60000000.0,0.0,5.0,-11572000.0,-43000.0,-29000.0,0.7430920467222157,1.0,1.0
191,0.8666666666666667,-1600000000.0,-48000000.0,-8257.4,0.6,0.3,-700000000.0,-60000000.0,-1333.3333333333333,5.0,-11572000.0,-43000.0,-29000.0,0.7430920467222157,1.0,1.0
192,0.8666666666666667,-1333333333.3333333,-48000000.0,-8257.4,0.6,0.3,-700000000.0,-60000000.0,-1333.3333333333333,5.0,-11572000.0,-43000.0,-29000.0,0.7430920467222157,1.0,1.0
193,0.8666666666666667,-1333333333.3333333,-48000000.0,-8257.4,0.6,0.3,-700000000.0,-60000000.0,-1333.3333333333333,5.0,-11572000.0,-43000.0,-29000.0,0.9643650760992956,1.0,1.0
194,0.8666666666666667,-1333333333.3333333,-48000000.0,-8257.4,0.6,0.3,-700000000.0,-60000000.0,-1333.3333333333333,5.0,-11572000.0,-43000.0,-11666.666666666668,0.9643650760992956,1.0,1.0
195,1.0,-1466666666.6666667,-45866666.666666664,-7155.4,0.7,0.3,-700000000.0,-40000000.0,-2000.0,5.0,-11572000.0,-14000.0,-3000.0,0.9643650760992956,1.0,1.0
196,1.0,-1200000000.0,-45866666.666666664,-7155.4,0.7,0.3,-700000000.0,-40000000.0,-2000.0,5.0,-11572000.0,-14000.0,-3000.0,0.9643650760992956,1.0,1.0
197,1.0,-1200000000.0,-45866666.666666664,-7155.4,0.7,0.3,-700000000.0,-40000000.0,-2000.0,5.0,-5143333.333333334,-14000.0,-3000.0,0.9643650760992956,1.0,1.0
198,1.0,-1200000000.0,-45866666.666666664,-7155.4,0.7,0.1,-700000000.0,-40000000.0,-2000.0,5.0,-5143333.333333334,-14000.0,-3000.0,0.9643650760992956,1.0,1.0
199,1.0,-1200000000.0,-45866666.666666664,-8257.4,0.7,0.1,-700000000.0,-40000000.0,-2000.0,5.0,-5143333.333333334,-14000.0,-3000.0,0.9643650760992956,1.0,1.0
200,1.0,-1200000000.0,-45866666.666666664,-8257.4,0.7,0.1,-566666666.6666666,-40000000.0,-2000.0,5.0,-5143333.333333334,-14000.0,-3000.0,0.9643650760992956,1.0,1.0
201,1.0,-1200000000.0,-45866666.666666664,-8257.4,0.7,0.1,-566666666.6666666,-40000000.0,-2000.0,5.0,-5143333.333333334,-14000.0,-3000.0,0.7430920467222157,1.0,1.0
202,1.0,-1200000000.0,-45866666.666666664,-8257.4,0.7,0.1,-566666666.6666666,-40000000.0,-2000.0,5.0,-5143333.333333334,-33333.33333333333,-3000.0,0.7430920467222157,1.0,1.0
203,0.7333333333333334,-1200000000.0,-45866666.666666664,-8257.4,0.7,0.1,-566666666.6666666,-40000000.0,-2000.0,5.0,-5143333.333333334,-33333.33333333333,-3000.0,0.7430920467222157,1.0,1.0
204,0.7333333333333334,-1200000000.0,-45866666.666666664,-8257.4,0.5,0.1,-566666666.6666666,-40000000.0,-2000.0,5.0,-5143333.333333334,-33333.33333333333,-3000.0,0.7430920467222157,1.0,1.0
205,0.7333333333333334,-1200000000.0,-41600000.0,-8257.4,0.5,0.1,-566666666.6666666,-40000000.0,-2000.0,5.0,-5143333.333333334,-33333.33333333333,-3000.0,0.7430920467222157,1.0,1.0
206,0.7333333333333334,-1200000000.0,-41600000.0,-8257.4,0.5,0.1,-566666666.6666666,-40000000.0,-666.6666666666667,5.0,-5143333.333333334,-33333.33333333333,-3000.0,0.7430920467222157,1.0,1.0
207,0.7333333333333334,-1200000000.0,-41600000.0,-8257.4,0.5,0.1,-566666666.6666666,-53333333.333333336,-666.6666666666667,5.0,-5143333.333333334,-33333.33333333333,-3000.0,0.7430920467222157,1.0,1.0
208,0.7333333333333334,-1200000000.0,-41600000.0,-8257.4,0.5,0.1,-566666666.6666666,-53333333.333333336,-666.6666666666667,2.3333333333333335,-5143333.333333334,-33333.33333333333,-3000.0,0.7430920467222157,1.0,1.0
209,0.7333333333333334,-1200000000.0,-41600000.0,-8257.4,0.5,0.1,-566666666.6666666,-53333333.333333336,-666.6666666666667,2.3333333333333335,-5143333.333333334,-33333.33333333333,-20333.333333333332,0.7430920467222157,1.0,1.0
210,1.0,-1333333333.3333333,-45866666.666666664,-6604.4,0.5,0.19999999999999998,-500000000.0,-46666666.66666667,-666.6666666666667,2.3333333333333335,-1929000.0,-14000.0,-3000.0,0.9643650760992956,1.0,1.0
211,1.0,-1333333333.3333333,-45866666.666666664,-6604.4,0.5,0.0,-500000000.0,-46666666.66666667,-666.6666666666667,2.3333333333333335,-1929000.0,-14000.0,-3000.0,0.9643650760992956,1.0,1.0
212,1.0,-1333333333.3333333,-45866666.666666664,-6604.4,0.5,0.0,-500000000.0,-46666666.66666667,-666.6666666666667,2.3333333333333335,-1929000.0,-33333.33333333333,-3000.0,0.9643650760992956,1.0,1.0
213,1.0,-1333333333.3333333,-45866666.666666664,-6604.4,0.5,0.0,-500000000.0,-60000000.0,-666.6666666666667,2.3333333333333335,-1929000.0,-33333.33333333333,-3000.0,0.9643650760992956,1.0,1.0
214,1.0,-1600000000.0,-45866666.666666664,-6604.4,0.5,0.0,-500000000.0,-60000000.0,-666.6666666666667,2.3333333333333335,-1929000.0,-33333.33333333333,-3000.0,0.9643650760992956,1.0,1.0
215,1.0,-1600000000.0,-41600000.0,-6604.4,0.5,0.0,-500000000.0,-60000000.0,-666.6666666666667,2.3333333333333335,-1929000.0,-33333.33333333333,-3000.0,0.9643650760992956,1.0,1.0
216,1.0,-1600000000.0,-41600000.0,-6604.4,0.5,0.0,-500000000.0,-60000000.0,-666.6666666666667,2.3333333333333335,-1929000.0,-33333.33333333333,-20333.333333333332,0.9643650760992956,1.0,1.0
217,1.0,-1600000000.0,-41600000.0,-6604.4,0.7,0.0,-500000000.0,-60000000.0,-666.6666666666667,2.3333333333333335,-1929000.0,-33333.33333333333,-20333.333333333332,0.9643650760992956,1.0,1.0
218,1.0,-1600000000.0,-41600000.0,-6604.4,0.7,0.0,-633333333.3333334,-60000000.0,-666.6666666666667,2.3333333333333335,-1929000.0,-33333.33333333333,-20333.333333333332,0.9643650760992956,1.0,1.0
219,1.0,-1600000000.0,-41600000.0,-6604.4,0.7,0.0,-633333333.3333334,-60000000.0,-2000.0,2.3333333333333335,-1929000.0,-33333.33333333333,-20333.333333333332,0.9643650760992956,1.0,1.0
220,0.7333333333333334,-1600000000.0,-41600000.0,-6604.4,0.7,0.0,-633333333.3333334,-60000000.0,-2000.0,2.3333333333333335,-1929000.0,-33333.33333333333,-20333.333333333332,0.9643650760992956,1.0,1.0
221,0.7333333333333334,-1600000000.0,-41600000.0,-7706.4,0.7,0.0,-633333333.3333334,-60000000.0,-2000.0,2.3333333333333335,-1929000.0,-33333.33333333333,-20333.333333333332,0.9643650760992956,1.0,1.0
222,0.7333333333333334,-1600000000.0,-41600000.0,-7706.4,0.7,0.0,-633333333.3333334,-60000000.0,-2000.0,5.0,-1929000.0,-33333.33333333333,-20333.333333333332,0.9643650760992956,1.0,1.0
223,0.7333333333333334,-1600000000.0,-41600000.0,-7706.4,0.7,0.0,-633333333.3333334,-60000000.0,-2000.0,5.0,-8357666.666666666,-33333.33333333333,-20333.333333333332,0.9643650760992956,1.0,1.0
224,0.7333333333333334,-1600000000.0,-41600000.0,-7706.4,0.7,0.0,-633333333.3333334,-60000000.0,-2000.0,5.0,-8357666.666666666,-33333.33333333333,-20333.333333333332,0.7430920467222157,1.0,1.0
225,0.7333333333333334,-1600000000.0,-43733333.333333336,-6604.4,0.4,0.3,-633333333.3333334,-46666666.66666667,-666.6666666666667,3.6666666666666665,-5143333.333333334,-23666.666666666668,-29000.0,0.9643650760992956,1.0,1.0
226,0.7333333333333334,-1600000000.0,-48000000.0,-6604.4,0.4,0.3,-633333333.3333334,-46666666.66666667,-666.6666666666667,3.6666666666666665,-5143333.333333334,-23666.666666666668,-29000.0,0.9643650760992956,1.0,1.0
227,0.7333333333333334,-1600000000.0,-48000000.0,-6604.4,0.4,0.3,-633333333.3333334,-60000000.0,-666.6666666666667,3.6666666666666665,-5143333.333333334,-23666.666666666668,-29000.0,0.9643650760992956,1.0,1.0
228,0.7333333333333334,-1600000000.0,-48000000.0,-6604.4,0.4,0.3,-633333333.3333334,-60000000.0,-666.6666666666667,3.6666666666666665,-11572000.0,-23666.666666666668,-29000.0,0.9643650760992956,1.0,1.0
229,0.7333333333333334,-1600000000.0,-48000000.0,-6604.4,0.4,0.3,-633333333.3333334,-60000000.0,-666.6666666666667,3.6666666666666665,-11572000.0,-43000.0,-29000.0,0.9643650760992956,1.0,1.0
230,0.7333333333333334,-1333333333.3333333,-48000000.0,-6604.4,0.4,0.3,-633333333.3333334,-60000000.0,-666.6666666666667,3.6666666666666665,-11572000.0,-43000.0,-29000.0,0.9643650760992956,1.0,1.0
231,0.7333333333333334,-1333333333.3333333,-48000000.0,-6604.4,0.6,0.3,-633333333.3333334,-60000000.0,-666.6666666666667,3.6666666666666665,-11572000.0,-43000.0,-29000.0,0.9643650760992956,1.0,1.0
232,0.7333333333333334,-1333333333.3333333,-48000000.0,-6604.4,0.6,0.3,-633333333.3333334,-60000000.0,-666.6666666666667,1.0,-11572000.0,-43000.0,-29000.0,0.9643650760992956,1.0,1.0
233,0.7333333333333334,-1333333333.3333333,-48000000.0,-6604.4,0.6,0.3,-633333333.3333334,-60000000.0,-2000.0,1.0,-11572000.0,-43000.0,-29000.0,0.9643650760992956,1.0,1.0
234,0.7333333333333334,-1333333333.3333333,-48000000.0,-6604.4,0.6,0.3,-633333333.3333334,-60000000.0,-2000.0,1.0,-11572000.0,-43000.0,-11666.666666666668,0.9643650760992956,1.0,1.0
235,0.7333333333333334,-1333333333.3333333,-48000000.0,-6604.4,0.6,0.3,-500000000.0,-60000000.0,-2000.0,1.0,-11572000.0,-43000.0,-11666.666666666668,0.9643650760992956,1.0,1.0
236,0.7333333333333334,-1333333333.3333333,-48000000.0,-6604.4,0.6,0.1,-500000000.0,-60000000.0,-2000.0,1.0,-11572000.0,-43000.0,-11666.666666666668,0.9643650760992956,1.0,1.0
237,1.0,-1333333333.3333333,-48000000.0,-6604.4,0.6,0.1,-500000000.0,-60000000.0,-2000.0,1.0,-11572000.0,-43000.0,-11666.666666666668,0.9643650760992956,1.0,1.0
238,1.0,-1333333333.3333333,-48000000.0,-7706.4,0.6,0.1,-500000000.0,-60000000.0,-2000.0,1.0,-11572000.0,-43000.0,-11666.666666666668,0.9643650760992956,1.0,1.0
239,1.0,-1333333333.3333333,-48000000.0,-7706.4,0.6,0.1,-500000000.0,-60000000.0,-2000.0,1.0,-11572000.0,-43000.0,-11666.666666666668,0.7430920467222157,1.0,1.0
240,1.0,-1200000000.0,-45866666.666666664,-6604.4,0.4,0.3,-500000000.0,-40000000.0,-666.6666666666667,5.0,-5143333.333333334,-14000.0,-11666.666666666668,0.7430920467222157,1.0,1.0
241,1.0,-1200000000.0,-45866666.666666664,-6604.4,0.4,0.1,-500000000.0,-40000000.0,-666.6666666666667,5.0,-5143333.333333334,-14000.0,-11666.666666666668,0.7430920467222157,1.0,1.0
242,1.0,-1200000000.0,-45866666.666666664,-6604.4,0.4,0.1,-500000000.0,-40000000.0,-2000.0,5.0,-5143333.333333334,-14000.0,-11666.666666666668,0.7430920467222157,1.0,1.0
243,1.0,-1200000000.0,-45866666.666666664,-6604.4,0.4,0.1,-500000000.0,-40000000.0,-2000.0,5.0,-5143333.333333334,-14000.0,-11666.666666666668,0.9643650760992956,1.0,1.0
244,1.0,-1200000000.0,-41600000.0,-6604.4,0.4,0.1,-500000000.0,-40000000.0,-2000.0,5.0,-5143333.333333334,-14000.0,-11666.666666666668,0.9643650760992956,1.0,1.0
245,1.0,-1200000000.0,-41600000.0,-6604.4,0.4,0.1,-500000000.0,-40000000.0,-2000.0,5.0,-5143333.333333334,-14000.0,-29000.0,0.9643650760992956,1.0,1.0
246,1.0,-1466666666.6666667,-41600000.0,-6604.4,0.4,0.1,-500000000.0,-40000000.0,-2000.0,5.0,-5143333.333333334,-14000.0,-29000.0,0.9643650760992956,1.0,1.0
247,1.0,-1466666666.6666667,-41600000.0,-6604.4,0.6,0.1,-500000000.0,-40000000.0,-2000.0,5.0,-5143333.333333334,-14000.0,-29000.0,0.9643650760992956,1.0,1.0
248,0.7333333333333334,-1466666666.6666667,-41600000.0,-6604.4,0.6,0.1,-500000000.0,-40000000.0,-2000.0,5.0,-5143333.333333334,-14000.0,-29000.0,0.9643650760992956,1.0,1.0
249,0.7333333333333334,-1466666666.6666667,-41600000.0,-6604.4,0.6,0.1,-500000000.0,-40000000.0,-2000.0,2.3333333333333335,-5143333.333333334,-14000.0,-29000.0,0.9643650760992956,1.0,1.0
250,0.7333333333333334,-1466666666.6666667,-41600000.0,-6604.4,0.6,0.1,-633333333.3333334,-40000000.0,-2000.0,2.3333333333333335,-5143333.333333334,-14000.0,-29000.0,0.9643650760992956,1.0,1.0
251,0.7333333333333334,-1466666666.6666667,-41600000.0,-6604.4,0.6,0.1,-633333333.3333334,-40000000.0,-2000.0,2.3333333333333335,-11572000.0,-14000.0,-29000.0,0.9643650760992956,1.0,1.0
252,0.7333333333333334,-1466666666.6666667,-41600000.0,-7706.4,0.6,0.1,-633333333.3333334,-40000000.0,-2000.0,2.3333333333333335,-11572000.0,-14000.0,-29000.0,0.9643650760992956,1.0,1.0
253,0.7333333333333334,-1466666666.6666667,-41600000.0,-7706.4,0.6,0.1,-633333333.3333334,-40000000.0,-2000.0,2.3333333333333335,-11572000.0,-33333.33333333333,-29000.0,0.9643650760992956,1.0,1.0
254,0.7333333333333334,-1466666666.6666667,-41600000.0,-7706.4,0.6,0.1,-633333333.3333334,-53333333.333333336,-2000.0,2.3333333333333335,-11572000.0,-33333.33333333333,-29000.0,0.9643650760992956,1.0,1.0
255,0.6,-1333333333.3333333,-45866666.666666664,-7155.4,0.5,0.19999999999999998,-633333333.3333334,-60000000.0,0.0,5.0,-8357666.666666666,-14000.0,-20333.333333333332,0.7430920467222157,1.0,1.0
256,0.6,-1333333333.3333333,-45866666.666666664,-7155.4,0.5,0.0,-633333333.3333334,-60000000.0,0.0,5.0,-8357666.666666666,-14000.0,-20333.333333333332,0.7430920467222157,1.0,1.0
257,0.6,-1600000000.0,-45866666.666666664,-7155.4,0.5,0.0,-633333333.3333334,-60000000.0,0.0,5.0,-8357666.666666666,-14000.0,-20333.333333333332,0.7430920467222157,1.0,1.0
258,0.6,-1600000000.0,-45866666.666666664,-7155.4,0.5,0.0,-633333333.3333334,-60000000.0,0.0,5.0,-1929000.0,-14000.0,-20333.333333333332,0.7430920467222157,1.0,1.0
259,0.6,-1600000000.0,-45866666.666666664,-7155.4,0.5,0.0,-500000000.0,-60000000.0,0.0,5.0,-1929000.0,-14000.0,-20333.333333333332,0.7430920467222157,1.0,1.0
260,0.6,-1600000000.0,-45866666.666666664,-8257.4,0.5,0.0,-500000000.0,-60000000.0,0.0,5.0,-1929000.0,-14000.0,-20333.333333333332,0.7430920467222157,1.0,1.0
261,0.6,-1600000000.0,-41600000.0,-8257.4,0.5,0.0,-500000000.0,-60000000.0,0.0,5.0,-1929000.0,-14000.0,-20333.333333333332,0.7430920467222157,1.0,1.0
262,0.6,-1600000000.0,-41600000.0,-8257.4,0.7,0.0,-500000000.0,-60000000.0,0.0,5.0,-1929000.0,-14000.0,-20333.333333333332,0.7430920467222157,1.0,1.0
263,0.8666666666666667,-1600000000.0,-41600000.0,-8257.4,0.7,0.0,-500000000.0,-60000000.0,0.0,5.0,-1929000.0,-14000.0,-20333.333333333332,0.7430920467222157,1.0,1.0
264,0.8666666666666667,-1600000000.0,-41600000.0,-8257.4,0.7,0.0,-500000000.0,-60000000.0,-1333.3333333333333,5.0,-1929000.0,-14000.0,-20333.333333333332,0.7430920467222157,1.0,1.0
265,0.8666666666666667,-1600000000.0,-41600000.0,-8257.4,0.7,0.0,-500000000.0,-60000000.0,-1333.3333333333333,5.0,-1929000.0,-14000.0,-3000.0,0.7430920467222157,1.0,1.0
266,0.8666666666666667,-1600000000.0,-41600000.0,-8257.4,0.7,0.0,-500000000.0,-60000000.0,-1333.3333333333333,2.3333333333333335,-1929000.0,-14000.0,-3000.0,0.7430920467222157,1.0,1.0
267,0.8666666666666667,-1600000000.0,-41600000.0,-8257.4,0.7,0.0,-500000000.0,-60000000.0,-1333.3333333333333,2.3333333333333335,-1929000.0,-33333.33333333333,-3000.0,0.7430920467222157,1.0,1.0
268,0.8666666666666667,-1600000000.0,-41600000.0,-8257.4,0.7,0.0,-500000000.0,-46666666.66666667,-1333.3333333333333,2.3333333333333335,-1929000.0,-33333.33333333333,-3000.0,0.7430920467222157,1.0,1.0
269,0.8666666666666667,-1600000000.0,-41600000.0,-8257.4,0.7,0.0,-500000000.0,-46666666.66666667,-1333.3333333333333,2.3333333333333335,-1929000.0,-33333.33333333333,-3000.0,0.9643650760992956,1.0,1.0
270,1.0,-1466666666.6666667,-45866666.666666664,-7155.4,0.6,0.1,-500000000.0,-46666666.66666667,-2000.0,1.0,-8357666.666666666,-33333.33333333333,-11666.666666666668,0.6324555320336759,1.0,1.0
271,1.0,-1466666666.6666667,-45866666.666666664,-7155.4,0.6,0.1,-500000000.0,-60000000.0,-2000.0,1.0,-8357666.666666666,-33333.33333333333,-11666.666666666668,0.6324555320336759,1.0,1.0
272,1.0,-1200000000.0,-45866666.666666664,-7155.4,0.6,0.1,-500000000.0,-60000000.0,-2000.0,1.0,-8357666.666666666,-33333.33333333333,-11666.666666666668,0.6324555320336759,1.0,1.0
273,1.0,-1200000000.0,-45866666.666666664,-7155.4,0.6,0.1,-500000000.0,-60000000.0,-2000.0,1.0,-8357666.666666666,-14000.0,-11666.666666666668,0.6324555320336759,1.0,1.0
274,0.7333333333333334,-1200000000.0,-45866666.666666664,-7155.4,0.6,0.1,-500000000.0,-60000000.0,-2000.0,1.0,-8357666.666666666,-14000.0,-11666.666666666668,0.6324555320336759,1.0,1.0
275,0.7333333333333334,-1200000000.0,-45866666.666666664,-7155.4,0.6,0.1,-500000000.0,-60000000.0,-2000.0,1.0,-8357666.666666666,-14000.0,-29000.0,0.6324555320336759,1.0,1.0
276,0.7333333333333334,-1200000000.0,-45866666.666666664,-7155.4,0.6,0.1,-633333333.3333334,-60000000.0,-2000.0,1.0,-8357666.666666666,-14000.0,-29000.0,0.6324555320336759,1.0,1.0
277,0.7333333333333334,-1200000000.0,-45866666.666666664,-7155.4,0.6,0.3,-633333333.3333334,-60000000.0,-2000.0,1.0,-8357666.666666666,-14000.0,-29000.0,0.6324555320336759,1.0,1.0
278,0.7333333333333334,-1200000000.0,-41600000.0,-7155.4,0.6,0.3,-633333333.3333334,-60000000.0,-2000.0,1.0,-8357666.666666666,-14000.0,-29000.0,0.6324555320336759,1.0,1.0
279,0.7333333333333334,-1200000000.0,-41600000.0,-7155.4,0.6,0.3,-633333333.3333334,-60000000.0,-2000.0,3.6666666666666665,-8357666.666666666,-14000.0,-29000.0,0.6324555320336759,1.0,1.0
280,0.7333333333333334,-1200000000.0,-41600000.0,-7155.4,0.6,0.3,-633333333.3333334,-60000000.0,-2000.0,3.6666666666666665,-1929000.0,-14000.0,-29000.0,0.6324555320336759,1.0,1.0
281,0.7333333333333334,-1200000000.0,-41600000.0,-8257.4,0.6,0.3,-633333333.3333334,-60000000.0,-2000.0,3.6666666666666665,-1929000.0,-14000.0,-29000.0,0.6324555320336759,1.0,1.0
282,0.7333333333333334,-1200000000.0,-41600000.0,-8257.4,0.6,0.3,-633333333.3333334,-60000000.0,-2000.0,3.6666666666666665,-1929000.0,-14000.0,-29000.0,0.8537285614107557,1.0,1.0
283,0.7333333333333334,-1200000000.0,-41600000.0,-8257.4,0.6,0.3,-633333333.3333334,-60000000.0,-666.6666666666667,3.6666666666666665,-1929000.0,-14000.0,-29000.0,0.8537285614107557,1.0,1.0
284,0.7333333333333334,-1200000000.0,-41600000.0,-8257.4,0.4,0.3,-633333333.3333334,-60000000.0,-666.6666666666667,3.6666666666666665,-1929000.0,-14000.0,-29000.0,0.8537285614107557,1.0,1.0
285,0.8666666666666667,-1466666666.6666667,-41600000.0,-7706.4,0.5,0.0,-700000000.0,-46666666.66666667,-2000.0,3.6666666666666665,-8357666.666666666,-23666.666666666668,-29000.0,0.7430920467222157,1.0,1.0
286,0.8666666666666667,-1466666666.6666667,-41600000.0,-7706.4,0.5,0.0,-700000000.0,-46666666.66666667,-666.6666666666667,3.6666666666666665,-8357666.666666666,-23666.666666666668,-29000.0,0.7430920467222157,1.0,1.0
287,0.8666666666666667,-1466666666.6666667,-41600000.0,-7706.4,0.5,0.0,-700000000.0,-46666666.66666667,-666.6666666666667,3.6666666666666665,-8357666.666666666,-43000.0,-29000.0,0.7430920467222157,1.0,1.0
288,0.6,-1466666666.6666667,-41600000.0,-7706.4,0.5,0.0,-700000000.0,-46666666.66666667,-666.6666666666667,3.6666666666666665,-8357666.666666666,-43000.0,-29000.0,0.7430920467222157,1.0,1.0
289,0.6,-1466666666.6666667,-41600000.0,-6604.4,0.5,0.0,-700000000.0,-46666666.66666667,-666.6666666666667,3.6666666666666665,-8357666.666666666,-43000.0,-29000.0,0.7430920467222157,1.0,1.0
290,0.6,-1466666666.6666667,-41600000.0,-6604.4,0.7,0.0,-700000000.0,-46666666.66666667,-666.6666666666667,3.6666666666666665,-8357666.666666666,-43000.0,-29000.0,0.7430920467222157,1.0,1.0
291,0.6,-1466666666.6666667,-41600000.0,-6604.4,0.7,0.19999999999999998,-700000000.0,-46666666.66666667,-666.6666666666667,3.6666666666666665,-8357666.666666666,-43000.0,-29000.0,0.7430920467222157,1.0,1.0
292,0.6,-1466666666.6666667,-41600000.0,-6604.4,0.7,0.19999999999999998,-700000000.0,-46666666.66666667,-666.6666666666667,3.6666666666666665,-8357666.666666666,-43000.0,-29000.0,0.9643650760992956,1.0,1.0
293,0.6,-1466666666.6666667,-41600000.0,-6604.4,0.7,0.19999999999999998,-700000000.0,-46666666.66666667,-666.6666666666667,1.0,-8357666.666666666,-43000.0,-29000.0,0.9643650760992956,1.0,1.0
294,0.6,-1466666666.6666667,-41600000.0,-6604.4,0.7,0.19999999999999998,-700000000.0,-60000000.0,-666.6666666666667,1.0,-8357666.666666666,-43000.0,-29000.0,0.9643650760992956,1.0,1.0
295,0.6,-1200000000.0,-41600000.0,-6604.4,0.7,0.19999999999999998,-700000000.0,-60000000.0,-666.6666666666667,1.0,-8357666.666666666,-43000.0,-29000.0,0.9643650760992956,1.0,1.0
296,0.6,-1200000000.0,-41600000.0,-6604.4,0.7,0.19999999999999998,-700000000.0,-60000000.0,-666.6666666666667,1.0,-1929000.0,-43000.0,-29000.0,0.9643650760992956,1.0,1.0
297,0.6,-1200000000.0,-45866666.666666664,-6604.4,0.7,0.19999999999999998,-700000000.0,-60000000.0,-666.6666666666667,1.0,-1929000.0,-43000.0,-29000.0,0.9643650760992956,1.0,1.0
298,0.6,-1200000000.0,-45866666.666666664,-6604.4,0.7,0.19999999999999998,-566666666.6666666,-60000000.0,-666.6666666666667,1.0,-1929000.0,-43000.0,-29000.0,0.9643650760992956,1.0,1.0
299,0.6,-1200000000.0,-45866666.666666664,-6604.4,0.7,0.19999999999999998,-566666666.6666666,-60000000.0,-666.6666666666667,1.0,-1929000.0,-43000.0,-11666.666666666668,0.9643650760992956,1.0,1.0
300,0.8666666666666667,-1333333333.3333333,-43733333.333333336,-6604.4,0.6,0.1,-500000000.0,-60000000.0,-666.6666666666667,1.0,-5143333.333333334,-43000.0,-29000.0,0.7430920467222157,1.0,1.0
301,0.8666666666666667,-1333333333.3333333,-43733333.333333336,-6604.4,0.6,0.1,-500000000.0,-60000000.0,-666.6666666666667,1.0,-5143333.333333334,-43000.0,-29000.0,0.9643650760992956,1.0,1.0
302,0.8666666666666667,-1333333333.3333333,-43733333.333333336,-6604.4,0.6,0.3,-500000000.0,-60000000.0,-666.6666666666667,1.0,-5143333.333333334,-43000.0,-29000.0,0.9643650760992956,1.0,1.0
303,0.8666666666666667,-1333333333.3333333,-48000000.0,-6604.4,0.6,0.3,-500000000.0,-60000000.0,-666.6666666666667,1.0,-5143333.333333334,-43000.0,-29000.0,0.9643650760992956,1.0,1.0
304,0.6,-1333333333.3333333,-48000000.0,-6604.4,0.6,0.3,-500000000.0,-60000000.0,-666.6666666666667,1.0,-5143333.333333334,-43000.0,-29000.0,0.9643650760992956,1.0,1.0
305,0.6,-1333333333.3333333,-48000000.0,-6604.4,0.4,0.3,-500000000.0,-60000000.0,-666.6666666666667,1.0,-5143333.333333334,-43000.0,-29000.0,0.9643650760992956,1.0,1.0
306,0.6,-1600000000.0,-48000000.0,-6604.4,0.4,0.3,-500000000.0,-60000000.0,-666.6666666666667,1.0,-5143333.333333334,-43000.0,-29000.0,0.9643650760992956,1.0,1.0
307,0.6,-1600000000.0,-48000000.0,-7706.4,0.4,0.3,-500000000.0,-60000000.0,-666.6666666666667,1.0,-5143333.333333334,-43000.0,-29000.0,0.9643650760992956,1.0,1.0
308,0.6,-1600000000.0,-48000000.0,-7706.4,0.4,0.3,-500000000.0,-60000000.0,-666.6666666666667,1.0,-5143333.333333334,-23666.666666666668,-29000.0,0.9643650760992956,1.0,1.0
309,0.6,-1600000000.0,-48000000.0,-7706.4,0.4,0.3,-500000000.0,-60000000.0,-666.6666666666667,1.0,-5143333.333333334,-23666.666666666668,-11666.666666666668,0.9643650760992956,1.0,1.0
310,0.6,-1600000000.0,-48000000.0,-7706.4,0.4,0.3,-633333333.3333334,-60000000.0,-666.6666666666667,1.0,-5143333.333333334,-23666.666666666668,-11666.666666666668,0.9643650760992956,1.0,1.0
311,0.6,-1600000000.0,-48000000.0,-7706.4,0.4,0.3,-633333333.3333334,-46666666.66666667,-666.6666666666667,1.0,-5143333.333333334,-23666.666666666668,-11666.666666666668,0.9643650760992956,1.0,1.0
312,0.6,-1600000000.0,-48000000.0,-7706.4,0.4,0.3,-633333333.3333334,-46666666.66666667,-2000.0,1.0,-5143333.333333334,-23666.666666666668,-11666.666666666668,0.9643650760992956,1.0,1.0
313,0.6,-1600000000.0,-48000000.0,-7706.4,0.4,0.3,-633333333.3333334,-46666666.66666667,-2000.0,3.6666666666666665,-5143333.333333334,-23666.666666666668,-11666.666666666668,0.9643650760992956,1.0,1.0
314,0.6,-1600000000.0,-48000000.0,-7706.4,0.4,0.3,-633333333.3333334,-46666666.66666667,-2000.0,3.6666666666666665,-11572000.0,-23666.666666666668,-11666.666666666668,0.9643650760992956,1.0,1.0
315,1.0,-1466666666.6666667,-41600000.0,-7155.4,0.6,0.0,-566666666.6666666,-53333333.333333336,-1333.3333333333333,1.0,-5143333.333333334,-43000.0,-20333.333333333332,0.9643650760992956,1.0,1.0
316,1.0,-1466666666.6666667,-41600000.0,-7155.4,0.6,0.0,-566666666.6666666,-53333333.333333336,-1333.3333333333333,1.0,-5143333.333333334,-43000.0,-20333.333333333332,0.7430920467222157,1.0,1.0
317,1.0,-1466666666.6666667,-41600000.0,-7155.4,0.4,0.0,-566666666.6666666,-53333333.333333336,-1333.3333333333333,1.0,-5143333.333333334,-43000.0,-20333.333333333332,0.7430920467222157,1.0,1.0
318,1.0,-1466666666.6666667,-41600000.0,-7155.4,0.4,0.0,-566666666.6666666,-53333333.333333336,0.0,1.0,-5143333.333333334,-43000.0,-20333.333333333332,0.7430920467222157,1.0,1.0
319,1.0,-1466666666.6666667,-41600000.0,-7155.4,0.4,0.19999999999999998,-566666666.6666666,-53333333.333333336,0.0,1.0,-5143333.333333334,-43000.0,-20333.333333333332,0.7430920467222157,1.0,1.0
320,1.0,-1466666666.6666667,-41600000.0,-7155.4,0.4,0.19999999999999998,-700000000.0,-53333333.333333336,0.0,1.0,-5143333.333333334,-43000.0,-20333.333333333332,0.7430920467222157,1.0,1.0
321,1.0,-1466666666.6666667,-41600000.0,-8257.4,0.4,0.19999999999999998,-700000000.0,-53333333.333333336,0.0,1.0,-5143333.333333334,-43000.0,-20333.333333333332,0.7430920467222157,1.0,1.0
322,1.0,-1200000000.0,-41600000.0,-8257.4,0.4,0.19999999999999998,-700000000.0,-53333333.333333336,0.0,1.0,-5143333.333333334,-43000.0,-20333.333333333332,0.7430920467222157,1.0,1.0
323,1.0,-1200000000.0,-41600000.0,-8257.4,0.4,0.19999999999999998,-700000000.0,-53333333.333333336,0.0,1.0,-5143333.333333334,-43000.0,-3000.0,0.7430920467222157,1.0,1.0
324,1.0,-1200000000.0,-41600000.0,-8257.4,0.4,0.19999999999999998,-700000000.0,-53333333.333333336,0.0,3.6666666666666665,-5143333.333333334,-43000.0,-3000.0,0.7430920467222157,1.0,1.0
325,1.0,-1200000000.0,-41600000.0,-8257.4,0.4,0.19999999999999998,-700000000.0,-53333333.333333336,0.0,3.6666666666666665,-5143333.333333334,-23666.666666666668,-3000.0,0.7430920467222157,1.0,1.0
326,1.0,-1200000000.0,-41600000.0,-8257.4,0.4,0.19999999999999998,-700000000.0,-53333333.333333336,0.0,3.6666666666666665,-11572000.0,-23666.666666666668,-3000.0,0.7430920467222157,1.0,1.0
327,0.7333333333333334,-1200000000.0,-41600000.0,-8257.4,0.4,0.19999999999999998,-700000000.0,-53333333.333333336,0.0,3.6666666666666665,-11572000.0,-23666.666666666668,-3000.0,0.7430920467222157,1.0,1.0
328,0.7333333333333334,-1200000000.0,-41600000.0,-8257.4,0.4,0.19999999999999998,-700000000.0,-40000000.0,0.0,3.6666666666666665,-11572000.0,-23666.666666666668,-3000.0,0.7430920467222157,1.0,1.0
329,0.7333333333333334,-1200000000.0,-45866666.666666664,-8257.4,0.4,0.19999999999999998,-700000000.0,-40000000.0,0.0,3.6666666666666665,-11572000.0,-23666.666666666668,-3000.0,0.7430920467222157,1.0,1.0
330,0.8666666666666667,-1600000000.0,-41600000.0,-6604.4,0.7,0.19999999999999998,-700000000.0,-40000000.0,-666.6666666666667,1.0,-5143333.333333334,-43000.0,-29000.0,0.6324555320336759,1.0,1.0
331,0.6,-1600000000.0,-41600000.0,-6604.4,0.7,0.19999999999999998,-700000000.0,-40000000.0,-666.6666666666667,1.0,-5143333.333333334,-43000.0,-29000.0,0.6324555320336759,1.0,1.0
332,0.6,-1600000000.0,-41600000.0,-6604.4,0.7,0.19999999999999998,-700000000.0,-40000000.0,-666.6666666666667,1.0,-11572000.0,-43000.0,-29000.0,0.6324555320336759,1.0,1.0
333,0.6,-1600000000.0,-41600000.0,-6604.4,0.7,0.19999999999999998,-700000000.0,-40000000.0,-2000.0,1.0,-11572000.0,-43000.0,-29000.0,0.6324555320336759,1.0,1.0
334,0.6,-1600000000.0,-41600000.0,-6604.4,0.7,0.19999999999999998,-566666666.6666666,-40000000.0,-2000.0,1.0,-11572000.0,-43000.0,-29000.0,0.6324555320336759,1.0,1.0
335,0.6,-1600000000.0,-41600000.0,-6604.4,0.7,0.19999999999999998,-566666666.6666666,-40000000.0,-2000.0,1.0,-11572000.0,-23666.666666666668,-29000.0,0.6324555320336759,1.0,1.0
336,0.6,-1600000000.0,-41600000.0,-6604.4,0.5,0.19999999999999998,-566666666.6666666,-40000000.0,-2000.0,1.0,-11572000.0,-23666.666666666668,-29000.0,0.6324555320336759,1.0,1.0
337,0.6,-1600000000.0,-41600000.0,-6604.4,0.5,0.19999999999999998,-566666666.6666666,-53333333.333333336,-2000.0,1.0,-11572000.0,-23666.666666666668,-29000.0,0.6324555320336759,1.0,1.0
338,0.6,-1333333333.3333333,-41600000.0,-6604.4,0.5,0.19999999999999998,-566666666.6666666,-53333333.333333336,-2000.0,1.0,-11572000.0,-23666.666666666668,-29000.0,0.6324555320336759,1.0,1.0
339,0.6,-1333333333.3333333,-41600000.0,-6604.4,0.5,0.19999999999999998,-566666666.6666666,-53333333.333333336,-2000.0,1.0,-11572000.0,-23666.666666666668,-11666.666666666668,0.6324555320336759,1.0,1.0
340,0.6,-1333333333.3333333,-41600000.0,-7706.4,0.5,0.19999999999999998,-566666666.6666666,-53333333.333333336,-2000.0,1.0,-11572000.0,-23666.666666666668,-11666.666666666668,0.6324555320336759,1.0,1.0
341,0.6,-1333333333.3333333,-41600000.0,-7706.4,0.5,0.19999999999999998,-566666666.6666666,-53333333.333333336,-2000.0,3.6666666666666665,-11572000.0,-23666.666666666668,-11666.666666666668,0.6324555320336759,1.0,1.0
342,0.6,-1333333333.3333333,-45866666.666666664,-7706.4,0.5,0.19999999999999998,-566666666.6666666,-53333333.333333336,-2000.0,3.6666666666666665,-11572000.0,-23666.666666666668,-11666.666666666668,0.6324555320336759,1.0,1.0
343,0.6,-1333333333.3333333,-45866666.666666664,-7706.4,0.5,0.19999999999999998,-566666666.6666666,-53333333.333333336,-2000.0,3.6666666666666665,-11572000.0,-23666.666666666668,-11666.666666666668,0.8537285614107557,1.0,1.0
344,0.6,-1333333333.3333333,-45866666.666666664,-7706.4,0.5,0.0,-566666666.6666666,-53333333.333333336,-2000.0,3.6666666666666665,-11572000.0,-23666.666666666668,-11666.666666666668,0.8537285614107557,1.0,1.0
345,0.6,-1600000000.0,-41600000.0,-8257.4,0.7,0.3,-633333333.3333334,-40000000.0,-1333.3333333333333,3.6666666666666665,-1929000.0,-43000.0,-29000.0,0.9643650760992956,1.0,1.0
346,0.6,-1600000000.0,-41600000.0,-8257.4,0.7,0.3,-633333333.3333334,-40000000.0,-1333.3333333333333,3.6666666666666665,-1929000.0,-23666.666666666668,-29000.0,0.9643650760992956,1.0,1.0
347,0.6,-1600000000.0,-41600000.0,-8257.4,0.7,0.3,-500000000.0,-40000000.0,-1333.3333333333333,3.6666666666666665,-1929000.0,-23666.666666666668,-29000.0,0.9643650760992956,1.0,1.0
348,0.6,-1600000000.0,-41600000.0,-8257.4,0.7,0.3,-500000000.0,-40000000.0,-1333.3333333333333,3.6666666666666665,-1929000.0,-23666.666666666668,-11666.666666666668,0.9643650760992956,1.0,1.0
349,0.8666666666666667,-1600000000.0,-41600000.0,-8257.4,0.7,0.3,-500000000.0,-40000000.0,-1333.3333333333333,3.6666666666666665,-1929000.0,-23666.666666666668,-11666.666666666668,0.9643650760992956,1.0,1.0
350,0.8666666666666667,-1600000000.0,-41600000.0,-8257.4,0.7,0.3,-500000000.0,-40000000.0,0.0,3.6666666666666665,-1929000.0,-23666.666666666668,-11666.666666666668,0.9643650760992956,1.0,1.0
351,0.8666666666666667,-1600000000.0,-41600000.0,-8257.4,0.7,0.1,-500000000.0,-40000000.0,0.0,3.6666666666666665,-1929000.0,-23666.666666666668,-11666.666666666668,0.9643650760992956,1.0,1.0
352,0.8666666666666667,-1600000000.0,-41600000.0,-8257.4,0.7,0.1,-500000000.0,-53333333.333333336,0.0,3.6666666666666665,-1929000.0,-23666.666666666668,-11666.666666666668,0.9643650760992956,1.0,1.0
353,0.8666666666666667,-1600000000.0,-41600000.0,-8257.4,0.7,0.1,-500000000.0,-53333333.333333336,0.0,1.0,-1929000.0,-23666.666666666668,-11666.666666666668,0.9643650760992956,1.0,1.0
354,0.8666666666666667,-1600000000.0,-41600000.0,-8257.4,0.7,0.1,-500000000.0,-53333333.333333336,0.0,1.0,-1929000.0,-23666.666666666668,-11666.666666666668,0.7430920467222157,1.0,1.0
355,0.8666666666666667,-1600000000.0,-45866666.666666664,-8257.4,0.7,0.1,-500000000.0,-53333333.333333336,0.0,1.0,-1929000.0,-23666.666666666668,-11666.666666666668,0.7430920467222157,1.0,1.0
356,0.8666666666666667,-1600000000.0,-45866666.666666664,-8257.4,0.5,0.1,-500000000.0,-53333333.333333336,0.0,1.0,-1929000.0,-23666.666666666668,-11666.666666666668,0.7430920467222157,1.0,1.0
357,0.8666666666666667,-1600000000.0,-45866666.666666664,-7155.4,0.5,0.1,-500000000.0,-53333333.333333336,0.0,1.0,-1929000.0,-23666.666666666668,-11666.666666666668,0.7430920467222157,1.0,1.0
358,0.8666666666666667,-1600000000.0,-45866666.666666664,-7155.4,0.5,0.1,-500000000.0,-53333333.333333336,0.0,1.0,-8357666.666666666,-23666.666666666668,-11666.666666666668,0.7430920467222157,1.0,1.0
359,0.8666666666666667,-1333333333.3333333,-45866666.666666664,-7155.4,0.5,0.1,-500000000.0,-53333333.333333336,0.0,1.0,-8357666.666666666,-23666.666666666668,-11666.666666666668,0.7430920467222157,1.0,1.0
360,1.0,-1466666666.6666667,-43733333.333333336,-8257.4,0.6,0.3,-700000000.0,-40000000.0,-1333.3333333333333,5.0,-11572000.0,-43000.0,-3000.0,0.9643650760992956,1.0,1.0
361,1.0,-1466666666.6666667,-43733333.333333336,-8257.4,0.6,0.3,-700000000.0,-40000000.0,-1333.3333333333333,5.0,-5143333.333333334,-43000.0,-3000.0,0.9643650760992956,1.0,1.0
362,1.0,-1466666666.6666667,-43733333.333333336,-8257.4,0.6,0.3,-700000000.0,-40000000.0,0.0,5.0,-5143333.333333334,-43000.0,-3000.0,0.9643650760992956,1.0,1.0
363,1.0,-1466666666.6666667,-43733333.333333336,-8257.4,0.6,0.3,-700000000.0,-40000000.0,0.0,5.0,-5143333.333333334,-43000.0,-3000.0,0.7430920467222157,1.0,1.0
364,1.0,-1466666666.6666667,-48000000.0,-8257.4,0.6,0.3,-700000000.0,-40000000.0,0.0,5.0,-5143333.333333334,-43000.0,-3000.0,0.7430920467222157,1.0,1.0
365,1.0,-1466666666.6666667,-48000000.0,-8257.4,0.6,0.3,-700000000.0,-40000000.0,0.0,5.0,-5143333.333333334,-23666.666666666668,-3000.0,0.7430920467222157,1.0,1.0
366,1.0,-1466666666.6666667,-48000000.0,-8257.4,0.6,0.3,-700000000.0,-40000000.0,0.0,5.0,-5143333.333333334,-23666.666666666668,-20333.333333333332,0.7430920467222157,1.0,1.0
367,1.0,-1200000000.0,-48000000.0,-8257.4,0.6,0.3,-700000000.0,-40000000.0,0.0,5.0,-5143333.333333334,-23666.666666666668,-20333.333333333332,0.7430920467222157,1.0,1.0
368,1.0,-1200000000.0,-48000000.0,-8257.4,0.6,0.3,-566666666.6666666,-40000000.0,0.0,5.0,-5143333.333333334,-23666.666666666668,-20333.333333333332,0.7430920467222157,1.0,1.0
369,1.0,-1200000000.0,-48000000.0,-8257.4,0.6,0.3,-566666666.6666666,-53333333.333333336,0.0,5.0,-5143333.333333334,-23666.666666666668,-20333.333333333332,0.7430920467222157,1.0,1.0
370,1.0,-1200000000.0,-48000000.0,-8257.4,0.6,0.3,-566666666.6666666,-53333333.333333336,0.0,2.3333333333333335,-5143333.333333334,-23666.666666666668,-20333.333333333332,0.7430920467222157,1.0,1.0
371,1.0,-1200000000.0,-48000000.0,-8257.4,0.4,0.3,-566666666.6666666,-53333333.333333336,0.0,2.3333333333333335,-5143333.333333334,-23666.666666666668,-20333.333333333332,0.7430920467222157,1.0,1.0
372,1.0,-1200000000.0,-48000000.0,-7155.4,0.4,0.3,-566666666.6666666,-53333333.333333336,0.0,2.3333333333333335,-5143333.333333334,-23666.666666666668,-20333.333333333332,0.7430920467222157,1.0,1.0
373,0.7333333333333334,-1200000000.0,-48000000.0,-7155.4,0.4,0.3,-566666666.6666666,-53333333.333333336,0.0,2.3333333333333335,-5143333.333333334,-23666.666666666668,-20333.333333333332,0.7430920467222157,1.0,1.0
374,0.7333333333333334,-1200000000.0,-48000000.0,-7155.4,0.4,0.1,-566666666.6666666,-53333333.333333336,0.0,2.3333333333333335,-5143333.333333334,-23666.666666666668,-20333.333333333332,0.7430920467222157,1.0,1.0
375,0.8666666666666667,-1600000000.0,-45866666.666666664,-6604.4,0.7,0.3,-500000000.0,-40000000.0,0.0,2.3333333333333335,-5143333.333333334,-23666.666666666668,-20333.333333333332,0.9643650760992956,1.0,1.0
376,0.8666666666666667,-1600000000.0,-45866666.666666664,-7706.4,0.7,0.3,-500000000.0,-40000000.0,0.0,2.3333333333333335,-5143333.333333334,-23666.666666666668,-20333.333333333332,0.9643650760992956,1.0,1.0
377,0.8666666666666667,-1600000000.0,-45866666.666666664,-7706.4,0.7,0.3,-500000000.0,-40000000.0,0.0,2.3333333333333335,-5143333.333333334,-43000.0,-20333.333333333332,0.9643650760992956,1.0,1.0
378,0.8666666666666667,-1600000000.0,-45866666.666666664,-7706.4,0.7,0.1,-500000000.0,-40000000.0,0.0,2.3333333333333335,-5143333.333333334,-43000.0,-20333.333333333332,0.9643650760992956,1.0,1.0
379,0.8666666666666667,-1600000000.0,-41600000.0,-7706.4,0.7,0.1,-500000000.0,-40000000.0,0.0,2.3333333333333335,-5143333.333333334,-43000.0,-20333.333333333332,0.9643650760992956,1.0,1.0
380,0.8666666666666667,-1600000000.0,-41600000.0,-7706.4,0.7,0.1,-500000000.0,-40000000.0,0.0,2.3333333333333335,-5143333.333333334,-43000.0,-3000.0,0.9643650760992956,1.0,1.0
381,0.6,-1600000000.0,-41600000.0,-7706.4,0.7,0.1,-500000000.0,-40000000.0,0.0,2.3333333333333335,-5143333.333333334,-43000.0,-3000.0,0.9643650760992956,1.0,1.0
382,0.6,-1600000000.0,-41600000.0,-7706.4,0.5,0.1,-500000000.0,-40000000.0,0.0,2.3333333333333335,-5143333.333333334,-43000.0,-3000.0,0.9643650760992956,1.0,1.0
383,0.6,-1600000000.0,-41600000.0,-7706.4,0.5,0.1,-500000000.0,-40000000.0,0.0,2.3333333333333335,-5143333.333333334,-43000.0,-3000.0,0.7430920467222157,1.0,1.0
384,0.6,-1600000000.0,-41600000.0,-7706.4,0.5,0.1,-500000000.0,-40000000.0,-1333.3333333333333,2.3333333333333335,-5143333.333333334,-43000.0,-3000.0,0.7430920467222157,1.0,1.0
385,0.6,-1600000000.0,-41600000.0,-7706.4,0.5,0.1,-500000000.0,-40000000.0,-1333.3333333333333,2.3333333333333335,-11572000.0,-43000.0,-3000.0,0.7430920467222157,1.0,1.0
386,0.6,-1333333333.3333333,-41600000.0,-7706.4,0.5,0.1,-500000000.0,-40000000.0,-1333.3333333333333,2.3333333333333335,-11572000.0,-43000.0,-3000.0,0.7430920467222157,1.0,1.0
387,0.6,-1333333333.3333333,-41600000.0,-7706.4,0.5,0.1,-500000000.0,-40000000.0,-1333.3333333333333,5.0,-11572000.0,-43000.0,-3000.0,0.7430920467222157,1.0,1.0
388,0.6,-1333333333.3333333,-41600000.0,-7706.4,0.5,0.1,-500000000.0,-53333333.333333336,-1333.3333333333333,5.0,-11572000.0,-43000.0,-3000.0,0.7430920467222157,1.0,1.0
389,0.6,-1333333333.3333333,-41600000.0,-7706.4,0.5,0.1,-633333333.3333334,-53333333.333333336,-1333.3333333333333,5.0,-11572000.0,-43000.0,-3000.0,0.7430920467222157,1.0,1.0
390,0.6,-1333333333.3333333,-43733333.333333336,-7155.4,0.5,0.3,-500000000.0,-46666666.66666667,-2000.0,5.0,-1929000.0,-23666.666666666668,-29000.0,0.8537285614107557,1.0,1.0
391,0.8666666666666667,-1333333333.3333333,-43733333.333333336,-7155.4,0.5,0.3,-500000000.0,-46666666.66666667,-2000.0,5.0,-1929000.0,-23666.666666666668,-29000.0,0.8537285614107557,1.0,1.0
392,0.8666666666666667,-1333333333.3333333,-48000000.0,-7155.4,0.5,0.3,-500000000.0,-46666666.66666667,-2000.0,5.0,-1929000.0,-23666.666666666668,-29000.0,0.8537285614107557,1.0,1.0
393,0.8666666666666667,-1333333333.3333333,-48000000.0,-7155.4,0.5,0.3,-500000000.0,-46666666.66666667,-2000.0,5.0,-1929000.0,-23666.666666666668,-29000.0,0.6324555320336759,1.0,1.0
394,0.8666666666666667,-1333333333.3333333,-48000000.0,-7155.4,0.5,0.3,-500000000.0,-60000000.0,-2000.0,5.0,-1929000.0,-23666.666666666668,-29000.0,0.6324555320336759,1.0,1.0
395,0.8666666666666667,-1333333333.3333333,-48000000.0,-7155.4,0.5,0.3,-500000000.0,-60000000.0,-2000.0,2.3333333333333335,-1929000.0,-23666.666666666668,-29000.0,0.6324555320336759,1.0,1.0
396,0.8666666666666667,-1333333333.3333333,-48000000.0,-8257.4,0.5,0.3,-500000000.0,-60000000.0,-2000.0,2.3333333333333335,-1929000.0,-23666.666666666668,-29000.0,0.6324555320336759,1.0,1.0
397,0.8666666666666667,-1333333333.3333333,-48000000.0,-8257.4,0.5,0.3,-500000000.0,-60000000.0,-666.6666666666667,2.3333333333333335,-1929000.0,-23666.666666666668,-29000.0,0.6324555320336759,1.0,1.0
398,0.8666666666666667,-1333333333.3333333,-48000000.0,-8257.4,0.5,0.3,-500000000.0,-60000000.0,-666.6666666666667,2.3333333333333335,-1929000.0,-23666.666666666668,-11666.666666666668,0.6324555320336759,1.0,1.0
399,0.8666666666666667,-1333333333.3333333,-48000000.0,-8257.4,0.5,0.3,-500000000.0,-60000000.0,-666.6666666666667,2.3333333333333335,-1929000.0,-43000.0,-11666.666666666668,0.6324555320336759,1.0,1.0
400,0.8666666666666667,-1600000000.0,-48000000.0,-8257.4,0.5,0.3,-500000000.0,-60000000.0,-666.6666666666667,2.3333333333333335,-1929000.0,-43000.0,-11666.666666666668,0.6324555320336759,1.0,1.0
401,0.8666666666666667,-1600000000.0,-48000000.0,-8257.4,0.7,0.3,-500000000.0,-60000000.0,-666.6666666666667,2.3333333333333335,-1929000.0,-43000.0,-11666.666666666668,0.6324555320336759,1.0,1.0
402,0.8666666666666667,-1600000000.0,-48000000.0,-8257.4,0.7,0.3,-500000000.0,-60000000.0,-666.6666666666667,2.3333333333333335,-8357666.666666666,-43000.0,-11666.666666666668,0.6324555320336759,1.0,1.0
403,0.8666666666666667,-1600000000.0,-48000000.0,-8257.4,0.7,0.1,-500000000.0,-60000000.0,-666.6666666666667,2.3333333333333335,-8357666.666666666,-43000.0,-11666.666666666668,0.6324555320336759,1.0,1.0
404,0.8666666666666667,-1600000000.0,-48000000.0,-8257.4,0.7,0.1,-633333333.3333334,-60000000.0,-666.6666666666667,2.3333333333333335,-8357666.666666666,-43000.0,-11666.666666666668,0.6324555320336759,1.0,1.0
405,0.7333333333333334,-1333333333.3333333,-41600000.0,-6604.4,0.5,0.1,-500000000.0,-46666666.66666667,-1333.3333333333333,5.0,-11572000.0,-14000.0,-3000.0,0.7430920467222157,1.0,1.0
406,0.7333333333333334,-1333333333.3333333,-41600000.0,-6604.4,0.5,0.3,-500000000.0,-46666666.66666667,-1333.3333333333333,5.0,-11572000.0,-14000.0,-3000.0,0.7430920467222157,1.0,1.0
407,0.7333333333333334,-1333333333.3333333,-45866666.666666664,-6604.4,0.5,0.3,-500000000.0,-46666666.66666667,-1333.3333333333333,5.0,-11572000.0,-14000.0,-3000.0,0.7430920467222157,1.0,1.0
408,0.7333333333333334,-1333333333.3333333,-45866666.666666664,-6604.4,0.5,0.3,-500000000.0,-46666666.66666667,-1333.3333333333333,5.0,-11572000.0,-14000.0,-3000.0,0.9643650760992956,1.0,1.0
409,0.7333333333333334,-1600000000.0,-45866666.666666664,-6604.4,0.5,0.3,-500000000.0,-46666666.66666667,-1333.3333333333333,5.0,-11572000.0,-14000.0,-3000.0,0.9643650760992956,1.0,1.0
410,0.7333333333333334,-1600000000.0,-45866666.666666664,-6604.4,0.5,0.3,-500000000.0,-60000000.0,-1333.3333333333333,5.0,-11572000.0,-14000.0,-3000.0,0.9643650760992956,1.0,1.0
411,0.7333333333333334,-1600000000.0,-45866666.666666664,-6604.4,0.5,0.3,-500000000.0,-60000000.0,-1333.3333333333333,5.0,-11572000.0,-14000.0,-20333.333333333332,0.9643650760992956,1.0,1.0
412,0.7333333333333334,-1600000000.0,-45866666.666666664,-6604.4,0.5,0.3,-500000000.0,-60000000.0,0.0,5.0,-11572000.0,-14000.0,-20333.333333333332,0.9643650760992956,1.0,1.0
413,0.7333333333333334,-1600000000.0,-45866666.666666664,-6604.4,0.7,0.3,-500000000.0,-60000000.0,0.0,5.0,-11572000.0,-14000.0,-20333.333333333332,0.9643650760992956,1.0,1.0
414,1.0,-1600000000.0,-45866666.666666664,-6604.4,0.7,0.3,-500000000.0,-60000000.0,0.0,5.0,-11572000.0,-14000.0,-20333.333333333332,0.9643650760992956,1.0,1.0
415,1.0,-1600000000.0,-45866666.666666664,-7706.4,0.7,0.3,-500000000.0,-60000000.0,0.0,5.0,-11572000.0,-14000.0,-20333.333333333332,0.9643650760992956,1.0,1.0
416,1.0,-1600000000.0,-45866666.666666664,-7706.4,0.7,0.3,-500000000.0,-60000000.0,0.0,5.0,-11572000.0,-33333.33333333333,-20333.333333333332,0.9643650760992956,1.0,1.0
417,1.0,-1600000000.0,-45866666.666666664,-7706.4,0.7,0.3,-633333333.3333334,-60000000.0,0.0,5.0,-11572000.0,-33333.33333333333,-20333.333333333332,0.9643650760992956,1.0,1.0
418,1.0,-1600000000.0,-45866666.666666664,-7706.4,0.7,0.3,-633333333.3333334,-60000000.0,0.0,2.3333333333333335,-11572000.0,-33333.33333333333,-20333.333333333332,0.9643650760992956,1.0,1.0
419,1.0,-1600000000.0,-45866666.666666664,-7706.4,0.7,0.3,-633333333.3333334,-60000000.0,0.0,2.3333333333333335,-5143333.333333334,-33333.33333333333,-20333.333333333332,0.9643650760992956,1.0,1.0
420,1.0,-1600000000.0,-43733333.333333336,-7155.4,0.5,0.1,-700000000.0,-46666666.66666667,0.0,2.3333333333333335,-5143333.333333334,-14000.0,-11666.666666666668,0.8537285614107557,1.0,1.0
421,1.0,-1600000000.0,-43733333.333333336,-7155.4,0.5,0.1,-700000000.0,-46666666.66666667,0.0,2.3333333333333335,-5143333.333333334,-33333.33333333333,-11666.666666666668,0.8537285614107557,1.0,1.0
422,1.0,-1600000000.0,-43733333.333333336,-7155.4,0.5,0.1,-700000000.0,-46666666.66666667,0.0,5.0,-5143333.333333334,-33333.33333333333,-11666.666666666668,0.8537285614107557,1.0,1.0
423,1.0,-1600000000.0,-43733333.333333336,-7155.4,0.5,0.1,-700000000.0,-46666666.66666667,0.0,5.0,-5143333.333333334,-33333.33333333333,-11666.666666666668,0.6324555320336759,1.0,1.0
424,1.0,-1600000000.0,-43733333.333333336,-7155.4,0.5,0.1,-700000000.0,-46666666.66666667,0.0,5.0,-11572000.0,-33333.33333333333,-11666.666666666668,0.6324555320336759,1.0,1.0
425,1.0,-1600000000.0,-43733333.333333336,-7155.4,0.5,0.1,-700000000.0,-46666666.66666667,0.0,5.0,-11572000.0,-33333.33333333333,-29000.0,0.6324555320336759,1.0,1.0
426,1.0,-1600000000.0,-48000000.0,-7155.4,0.5,0.1,-700000000.0,-46666666.66666667,0.0,5.0,-11572000.0,-33333.33333333333,-29000.0,0.6324555320336759,1.0,1.0
427,1.0,-1600000000.0,-48000000.0,-7155.4,0.5,0.1,-566666666.6666666,-46666666.66666667,0.0,5.0,-11572000.0,-33333.33333333333,-29000.0,0.6324555320336759,1.0,1.0
428,1.0,-1600000000.0,-48000000.0,-7155.4,0.7,0.1,-566666666.6666666,-46666666.66666667,0.0,5.0,-11572000.0,-33333.33333333333,-29000.0,0.6324555320336759,1.0,1.0
429,0.7333333333333334,-1600000000.0,-48000000.0,-7155.4,0.7,0.1,-566666666.6666666,-46666666.66666667,0.0,5.0,-11572000.0,-33333.33333333333,-29000.0,0.6324555320336759,1.0,1.0
430,0.7333333333333334,-1600000000.0,-48000000.0,-7155.4,0.7,0.3,-566666666.6666666,-46666666.66666667,0.0,5.0,-11572000.0,-33333.33333333333,-29000.0,0.6324555320336759,1.0,1.0
431,0.7333333333333334,-1600000000.0,-48000000.0,-7155.4,0.7,0.3,-566666666.6666666,-60000000.0,0.0,5.0,-11572000.0,-33333.33333333333,-29000.0,0.6324555320336759,1.0,1.0
432,0.7333333333333334,-1600000000.0,-48000000.0,-8257.4,0.7,0.3,-566666666.6666666,-60000000.0,0.0,5.0,-11572000.0,-33333.33333333333,-29000.0,0.6324555320336759,1.0,1.0
433,0.7333333333333334,-1600000000.0,-48000000.0,-8257.4,0.7,0.3,-566666666.6666666,-60000000.0,-1333.3333333333333,5.0,-11572000.0,-33333.33333333333,-29000.0,0.6324555320336759,1.0,1.0
434,0.7333333333333334,-1333333333.3333333,-48000000.0,-8257.4,0.7,0.3,-566666666.6666666,-60000000.0,-1333.3333333333333,5.0,-11572000.0,-33333.33333333333,-29000.0,0.6324555320336759,1.0,1.0
435,0.6,-1200000000.0,-43733333.333333336,-8257.4,0.4,0.0,-700000000.0,-46666666.66666667,-2000.0,3.6666666666666665,-5143333.333333334,-23666.666666666668,-3000.0,0.8537285614107557,1.0,1.0
436,0.6,-1200000000.0,-43733333.333333336,-8257.4,0.4,0.0,-700000000.0,-46666666.66666667,-2000.0,3.6666666666666665,-5143333.333333334,-23666.666666666668,-3000.0,0.6324555320336759,1.0,1.0
437,0.6,-1200000000.0,-43733333.333333336,-8257.4,0.6,0.0,-700000000.0,-46666666.66666667,-2000.0,3.6666666666666665,-5143333.333333334,-23666.666666666668,-3000.0,0.6324555320336759,1.0,1.0
438,0.6,-1200000000.0,-43733333.333333336,-8257.4,0.6,0.0,-700000000.0,-46666666.66666667,-2000.0,1.0,-5143333.333333334,-23666.666666666668,-3000.0,0.6324555320336759,1.0,1.0
439,0.6,-1200000000.0,-43733333.333333336,-8257.4,0.6,0.0,-700000000.0,-60000000.0,-2000.0,1.0,-5143333.333333334,-23666.666666666668,-3000.0,0.6324555320336759,1.0,1.0
440,0.6,-1466666666.6666667,-43733333.333333336,-8257.4,0.6,0.0,-700000000.0,-60000000.0,-2000.0,1.0,-5143333.333333334,-23666.666666666668,-3000.0,0.6324555320336759,1.0,1.0
441,0.6,-1466666666.6666667,-43733333.333333336,-8257.4,0.6,0.0,-700000000.0,-60000000.0,-2000.0,1.0,-5143333.333333334,-43000.0,-3000.0,0.6324555320336759,1.0,1.0
442,0.6,-1466666666.6666667,-43733333.333333336,-8257.4,0.6,0.0,-700000000.0,-60000000.0,-2000.0,1.0,-5143333.333333334,-43000.0,-20333.333333333332,0.6324555320336759,1.0,1.0
443,0.6,-1466666666.6666667,-43733333.333333336,-8257.4,0.6,0.0,-700000000.0,-60000000.0,-666.6666666666667,1.0,-5143333.333333334,-43000.0,-20333.333333333332,0.6324555320336759,1.0,1.0
444,0.8666666666666667,-1466666666.6666667,-43733333.333333336,-8257.4,0.6,0.0,-700000000.0,-60000000.0,-666.6666666666667,1.0,-5143333.333333334,-43000.0,-20333.333333333332,0.6324555320336759,1.0,1.0
445,0.8666666666666667,-1466666666.6666667,-43733333.333333336,-8257.4,0.6,0.19999999999999998,-700000000.0,-60000000.0,-666.6666666666667,1.0,-5143333.333333334,-43000.0,-20333.333333333332,0.6324555320336759,1.0,1.0
446,0.8666666666666667,-1466666666.6666667,-43733333.333333336,-8257.4,0.6,0.19999999999999998,-700000000.0,-60000000.0,-666.6666666666667,1.0,-11572000.0,-43000.0,-20333.333333333332,0.6324555320336759,1.0,1.0
447,0.8666666666666667,-1466666666.6666667,-48000000.0,-8257.4,0.6,0.19999999999999998,-700000000.0,-60000000.0,-666.6666666666667,1.0,-11572000.0,-43000.0,-20333.333333333332,0.6324555320336759,1.0,1.0
448,0.8666666666666667,-1466666666.6666667,-48000000.0,-7155.4,0.6,0.19999999999999998,-700000000.0,-60000000.0,-666.6666666666667,1.0,-11572000.0,-43000.0,-20333.333333333332,0.6324555320336759,1.0,1.0
449,0.8666666666666667,-1466666666.6666667,-48000000.0,-7155.4,0.6,0.19999999999999998,-566666666.6666666,-60000000.0,-666.6666666666667,1.0,-11572000.0,-43000.0,-20333.333333333332,0.6324555320336759,1.0,1.0
450,0.7333333333333334,-1600000000.0,-48000000.0,-7706.4,0.7,0.0,-566666666.6666666,-40000000.0,-2000.0,2.3333333333333335,-11572000.0,-33333.33333333333,-29000.0,0.8537285614107557,1.0,1.0
451,0.7333333333333334,-1600000000.0,-48000000.0,-7706.4,0.7,0.0,-566666666.6666666,-40000000.0,-2000.0,2.3333333333333335,-11572000.0,-33333.33333333333,-11666.666666666668,0.8537285614107557,1.0,1.0
452,1.0,-1600000000.0,-48000000.0,-7706.4,0.7,0.0,-566666666.6666666,-40000000.0,-2000.0,2.3333333333333335,-11572000.0,-33333.33333333333,-11666.666666666668,0.8537285614107557,1.0,1.0
453,1.0,-1600000000.0,-48000000.0,-6604.4,0.7,0.0,-566666666.6666666,-40000000.0,-2000.0,2.3333333333333335,-11572000.0,-33333.33333333333,-11666.666666666668,0.8537285614107557,1.0,1.0
454,1.0,-1600000000.0,-48000000.0,-6604.4,0.7,0.0,-566666666.6666666,-40000000.0,-2000.0,5.0,-11572000.0,-33333.33333333333,-11666.666666666668,0.8537285614107557,1.0,1.0
455,1.0,-1600000000.0,-48000000.0,-6604.4,0.5,0.0,-566666666.6666666,-40000000.0,-2000.0,5.0,-11572000.0,-33333.33333333333,-11666.666666666668,0.8537285614107557,1.0,1.0
456,1.0,-1600000000.0,-48000000.0,-6604.4,0.5,0.0,-566666666.6666666,-40000000.0,-2000.0,5.0,-11572000.0,-33333.33333333333,-11666.666666666668,0.6324555320336759,1.0,1.0
457,1.0,-1600000000.0,-48000000.0,-6604.4,0.5,0.0,-700000000.0,-40000000.0,-2000.0,5.0,-11572000.0,-33333.33333333333,-11666.666666666668,0.6324555320336759,1.0,1.0
458,1.0,-1600000000.0,-43733333.333333336,-6604.4,0.5,0.0,-700000000.0,-40000000.0,-2000.0,5.0,-11572000.0,-33333.33333333333,-11666.666666666668,0.6324555320336759,1.0,1.0
459,1.0,-1600000000.0,-43733333.333333336,-6604.4,0.5,0.0,-700000000.0,-40000000.0,-2000.0,5.0,-11572000.0,-14000.0,-11666.666666666668,0.6324555320336759,1.0,1.0
460,1.0,-1600000000.0,-43733333.333333336,-6604.4,0.5,0.19999999999999998,-700000000.0,-40000000.0,-2000.0,5.0,-11572000.0,-14000.0,-11666.666666666668,0.6324555320336759,1.0,1.0
461,1.0,-1600000000.0,-43733333.333333336,-6604.4,0.5,0.19999999999999998,-700000000.0,-40000000.0,-2000.0,5.0,-5143333.333333334,-14000.0,-11666.666666666668,0.6324555320336759,1.0,1.0
462,1.0,-1600000000.0,-43733333.333333336,-6604.4,0.5,0.19999999999999998,-700000000.0,-40000000.0,-666.6666666666667,5.0,-5143333.333333334,-14000.0,-11666.666666666668,0.6324555320336759,1.0,1.0
463,1.0,-1333333333.3333333,-43733333.333333336,-6604.4,0.5,0.19999999999999998,-700000000.0,-40000000.0,-666.6666666666667,5.0,-5143333.333333334,-14000.0,-11666.666666666668,0.6324555320336759,1.0,1.0
464,1.0,-1333333333.3333333,-43733333.333333336,-6604.4,0.5,0.19999999999999998,-700000000.0,-53333333.333333336,-666.6666666666667,5.0,-5143333.333333334,-14000.0,-11666.666666666668,0.6324555320336759,1.0,1.0
465,0.6,-1200000000.0,-48000000.0,-7706.4,0.7,0.19999999999999998,-633333333.3333334,-40000000.0,-2000.0,3.6666666666666665,-8357666.666666666,-14000.0,-3000.0,0.8537285614107557,1.0,1.0
466,0.6,-1200000000.0,-48000000.0,-7706.4,0.7,0.19999999999999998,-633333333.3333334,-53333333.333333336,-2000.0,3.6666666666666665,-8357666.666666666,-14000.0,-3000.0,0.8537285614107557,1.0,1.0
467,0.6,-1200000000.0,-48000000.0,-7706.4,0.7,0.0,-633333333.3333334,-53333333.333333336,-2000.0,3.6666666666666665,-8357666.666666666,-14000.0,-3000.0,0.8537285614107557,1.0,1.0
468,0.6,-1200000000.0,-48000000.0,-7706.4,0.7,0.0,-633333333.3333334,-53333333.333333336,-2000.0,3.6666666666666665,-1929000.0,-14000.0,-3000.0,0.8537285614107557,1.0,1.0
469,0.6,-1200000000.0,-48000000.0,-7706.4,0.7,0.0,-633333333.3333334,-53333333.333333336,-2000.0,1.0,-1929000.0,-14000.0,-3000.0,0.8537285614107557,1.0,1.0
470,0.6,-1200000000.0,-48000000.0,-7706.4,0.7,0.0,-633333333.3333334,-53333333.333333336,-2000.0,1.0,-1929000.0,-14000.0,-3000.0,0.6324555320336759,1.0,1.0
471,0.8666666666666667,-1200000000.0,-48000000.0,-7706.4,0.7,0.0,-633333333.3333334,-53333333.333333336,-2000.0,1.0,-1929000.0,-14000.0,-3000.0,0.6324555320336759,1.0,1.0
472,0.8666666666666667,-1200000000.0,-48000000.0,-7706.4,0.7,0.0,-633333333.3333334,-53333333.333333336,-666.6666666666667,1.0,-1929000.0,-14000.0,-3000.0,0.6324555320336759,1.0,1.0
473,0.8666666666666667,-1200000000.0,-43733333.333333336,-7706.4,0.7,0.0,-633333333.3333334,-53333333.333333336,-666.6666666666667,1.0,-1929000.0,-14000.0,-3000.0,0.6324555320336759,1.0,1.0
474,0.8666666666666667,-1200000000.0,-43733333.333333336,-7706.4,0.5,0.0,-633333333.3333334,-53333333.333333336,-666.6666666666667,1.0,-1929000.0,-14000.0,-3000.0,0.6324555320336759,1.0,1.0
475,0.8666666666666667,-1200000000.0,-43733333.333333336,-7706.4,0.5,0.0,-500000000.0,-53333333.333333336,-666.6666666666667,1.0,-1929000.0,-14000.0,-3000.0,0.6324555320336759,1.0,1.0
476,0.8666666666666667,-1200000000.0,-43733333.333333336,-6604.4,0.5,0.0,-500000000.0,-53333333.333333336,-666.6666666666667,1.0,-1929000.0,-14000.0,-3000.0,0.6324555320336759,1.0,1.0
477,0.8666666666666667,-1200000000.0,-43733333.333333336,-6604.4,0.5,0.0,-500000000.0,-53333333.333333336,-666.6666666666667,1.0,-1929000.0,-33333.33333333333,-3000.0,0.6324555320336759,1.0,1.0
478,0.8666666666666667,-1200000000.0,-43733333.333333336,-6604.4,0.5,0.0,-500000000.0,-53333333.333333336,-666.6666666666667,1.0,-1929000.0,-33333.33333333333,-20333.333333333332,0.6324555320336759,1.0,1.0
479,0.8666666666666667,-1466666666.6666667,-43733333.333333336,-6604.4,0.5,0.0,-500000000.0,-53333333.333333336,-666.6666666666667,1.0,-1929000.0,-33333.33333333333,-20333.333333333332,0.6324555320336759,1.0,1.0
